city,year,lat,lon,records,avg_temp,avg_temp_max,avg_temp_min,avg_temp_range,avg_apparent_temp,avg_apparent_gap,avg_humidity,total_precipitation,avg_precipitation,rainy_days,heavy_rain_days,avg_wind,avg_wind_gust,windy_days,gusty_days,avg_sunshine_hour,sunny_days,low_sunshine_days,avg_shortwave,hot_days,extreme_hot_days,cold_days,freezing_days,avg_pm25,avg_pm10,avg_co,avg_no2,avg_so2,avg_ozone,avg_dust,good_air_days,polluted_days,dusty_days,ozone_high_days,climate_comfort_index,air_quality_score,tourism_comfort_index,pollution_index,summer_escape_index,winter_retirement_index,city_type
三亚,2016,18.2528,109.5119,366,25.555191256830604,28.043442622950817,23.59262295081967,4.450819672131147,29.106010928961748,3.550819672131148,83.36612021857924,1736.1,4.74344262295082,242,9,18.73224043715847,33.55464480874317,26,27,9.570406800242866,297,26,16.945819672131147,138,0,0,0,,,,,,,,0.0,0.0,0.0,0.0,72.56379936486425,,,,36.75104320356129,84.77107661398001,滨海暖冬度假型
三亚,2017,18.2528,109.5119,365,25.62109589041096,28.00904109589041,23.74082191780822,4.268219178082192,28.96164383561644,3.340547945205479,81.02739726027397,1485.0,4.068493150684931,247,7,19.74465753424657,43.02739726027397,24,92,9.918894893455098,308,18,18.01323287671233,92,0,0,0,,,,,,,,0.0,0.0,0.0,0.0,73.52713567136215,,,,38.7826903487618,86.43190468542751,滨海暖冬度假型
三亚,2018,18.2528,109.5119,365,25.445753424657536,27.87452054794521,23.481917808219176,4.392602739726027,28.663835616438355,3.2180821917808218,80.75342465753425,1341.1,3.674246575342465,228,13,19.42109589041096,42.367123287671234,23,89,9.82474109589041,304,24,18.21035616438356,83,0,0,0,,,,,,,,0.0,0.0,0.0,0.0,73.5678407314496,,,,39.97875821418702,86.10435720277486,滨海暖冬度假型
三亚,2019,18.2528,109.5119,365,26.33178082191781,28.770958904109587,24.36657534246575,4.404383561643836,30.123013698630132,3.791232876712328,80.81369863013698,864.9,2.36958904109589,257,4,19.05068493150685,41.9558904109589,18,89,10.516436659056316,333,7,19.2046301369863,135,0,0,0,,,,,,,,0.0,0.0,0.0,0.0,72.29288400084937,,,,35.68165746398768,87.889636432366,滨海暖冬度假型
三亚,2020,18.2528,109.5119,366,25.932513661202183,28.32486338797814,24.041256830601093,4.283606557377049,29.378415300546447,3.4459016393442625,80.56557377049181,1480.0,4.043715846994536,246,14,19.174316939890712,42.07896174863388,31,86,10.117211285670916,311,18,18.477158469945355,127,0,0,0,,,,,,,,0.0,0.0,0.0,0.0,73.06299509242294,,,,35.84873744820213,86.83927396006219,滨海暖冬度假型
三亚,2021,18.2528,109.5119,365,25.665479452054797,28.133698630136983,23.64383561643836,4.48986301369863,28.88383561643836,3.218356164383562,79.56712328767124,1185.6,3.2482191780821914,232,11,19.61972602739726,42.68219178082192,27,85,10.47966420091324,329,15,19.316109589041098,118,0,0,0,,,,,,,,0.0,0.0,0.0,0.0,73.35186001736912,,,,36.35325574415358,86.46497841406085,滨海暖冬度假型
三亚,2022,18.2528,109.5119,365,25.43671232876712,27.910958904109588,23.338630136986303,4.572328767123288,28.7827397260274,3.346027397260274,81.10958904109589,1491.7,4.086849315068493,246,14,18.800273972602746,38.76767123287672,12,46,9.767868873668188,298,21,18.7373698630137,104,0,0,0,,,,,,,,0.0,0.0,0.0,0.0,74.00352870731608,,,,36.65535816943413,85.98390986416366,滨海暖冬度假型
三亚,2023,18.2528,109.5119,365,25.94383561643836,28.5827397260274,23.756164383561643,4.826575342465754,29.494520547945207,3.5506849315068494,80.15068493150685,1221.5,3.3465753424657536,251,11,19.04904109589041,40.59342465753425,24,75,10.185555654490106,321,18,19.351369863013694,140,0,0,0,12.483824200913244,20.268230593607303,237.7622146118721,4.903641552511416,3.088116438356164,72.6978310502283,0.1400684931506849,363.0,0.0,0.0,33.0,72.73551359822791,94.84422059065872,79.36812569595715,5.155779409341286,35.10067432578426,88.85830706283816,滨海暖冬度假型
三亚,2024,18.2528,109.5119,366,26.163661202185796,29.020491803278688,23.85218579234973,5.168306010928961,29.88715846994536,3.7234972677595626,79.90437158469945,1599.0,4.368852459016393,247,15,18.10464480874317,40.00136612021858,12,66,10.032661672738312,313,22,18.94603825136612,161,0,0,0,12.29707422586521,18.758959471766847,236.12556921675773,5.030885701275046,3.425933515482696,70.01514116575592,0.1240892531876138,364.0,0.0,0.0,17.0,72.95158615426863,95.00172123495074,79.56662667847326,4.998278765049271,35.51625902462985,89.46505263257052,滨海暖冬度假型
三亚,2025,18.2528,109.5119,365,25.407123287671237,28.60794520547945,22.92547945205479,5.682465753424657,28.570410958904112,3.1632876712328764,79.15890410958905,1906.4,5.223013698630138,247,15,18.99095890410959,42.48109589041096,21,87,9.84379196347032,303,21,18.876438356164385,139,0,0,0,13.619349315068494,15.62049086757991,244.1485159817352,6.382146118721461,3.897203196347032,69.93972602739726,0.7601598173515981,361.0,0.0,1.0,24.0,74.75050156663215,94.83077908345707,80.77458482167962,5.16922091654293,37.64335265916152,89.38672624818645,滨海暖冬度假型
上海,2016,31.2304,121.4737,366,17.10327868852459,20.48606557377049,14.148907103825136,6.337158469945355,17.208196721311474,0.1049180327868852,79.35519125683061,1645.7,4.496448087431694,195,22,18.361475409836068,35.18551912568306,11,33,7.089678506375228,200,98,13.45762295081967,63,5,24,4,,,,,,,,0.0,0.0,0.0,0.0,68.32368073217725,,,,42.6881881288763,69.24103322682453,湿润宜居综合型
上海,2017,31.2304,121.4737,365,16.991780821917807,20.956438356164384,13.492328767123286,7.464109589041096,16.893150684931506,-0.0986301369863014,76.24657534246575,1053.5,2.8863013698630136,195,4,18.28027397260274,31.706301369863013,15,10,7.507134634703196,212,83,14.148794520547948,65,14,19,0,,,,,,,,0.0,0.0,0.0,0.0,68.50366131298378,,,,42.47830412381291,70.56361519415331,湿润宜居综合型
上海,2018,31.2304,121.4737,365,16.93123287671233,20.93917808219178,13.417808219178085,7.521369863013699,16.915342465753426,-0.0158904109589041,78.88493150684931,1274.1,3.490684931506849,215,9,18.989315068493152,32.33315068493151,11,11,7.414968280060882,206,92,13.90035616438356,74,3,33,4,,,,,,,,0.0,0.0,0.0,0.0,68.31887652652685,,,,43.59081442344148,65.42463169988353,湿润宜居综合型
上海,2019,31.2304,121.4737,365,16.714246575342464,20.741917808219178,13.155616438356164,7.586301369863014,16.63068493150685,-0.0835616438356165,79.24931506849315,1536.2,4.208767123287672,202,13,18.15150684931507,31.153972602739728,17,15,7.330725585996956,203,84,13.785260273972602,46,0,13,0,,,,,,,,0.0,0.0,0.0,0.0,69.57745277679987,,,,47.36921873852298,69.15528728950416,湿润宜居综合型
上海,2020,31.2304,121.4737,366,17.07896174863388,21.011475409836063,13.567486338797814,7.443989071038251,17.057650273224045,-0.0213114754098358,78.47540983606558,1544.3,4.219398907103825,200,12,18.383333333333333,32.074590163934424,15,18,7.275021273527625,205,85,13.767704918032786,64,7,15,2,,,,,,,,0.0,0.0,0.0,0.0,69.39414755021802,,,,42.771780305004285,69.59667335262934,湿润宜居综合型
上海,2021,31.2304,121.4737,365,17.14054794520548,21.335342465753424,13.59123287671233,7.744109589041096,17.2786301369863,0.1380821917808219,78.94794520547946,1592.2,4.3621917808219175,186,15,18.74739726027397,32.09479452054794,17,13,7.671826544901065,219,71,14.32854794520548,64,1,26,7,,,,,,,,0.0,0.0,0.0,0.0,68.65817611322659,,,,44.41381259544448,69.47570086660613,湿润宜居综合型
上海,2022,31.2304,121.4737,365,17.242191780821916,21.49835616438356,13.577534246575343,7.920821917808219,17.115616438356163,-0.1265753424657534,76.05753424657534,1260.2,3.452602739726028,198,9,19.0813698630137,31.82109589041096,13,10,7.411948447488585,214,90,14.427068493150683,78,34,31,1,,,,,,,,0.0,0.0,0.0,0.0,68.353716826837,,,,39.67591183938765,66.50171356041568,湿润宜居综合型
上海,2023,31.2304,121.4737,365,17.186849315068493,21.62109589041096,13.414794520547945,8.206301369863015,17.223013698630137,0.0361643835616437,76.9013698630137,1326.4,3.633972602739726,207,9,18.398082191780823,30.933972602739725,17,10,7.544509345509893,218,77,14.423506849315068,82,7,29,7,47.78180365296804,72.7198401826484,1045.5012557077623,68.1075799086758,69.01658675799086,28.36312785388128,2.095205479452055,165.0,63.0,18.0,1.0,69.22583432356471,87.85517098493712,74.81463532197643,12.144829015062884,41.35742594601119,72.28242387283443,湿润宜居综合型
上海,2024,31.2304,121.4737,366,17.571311475409836,21.76584699453552,14.018306010928962,7.747540983606557,17.74808743169399,0.1767759562841529,77.44535519125684,1564.1,4.273497267759563,195,19,18.42103825136612,32.0620218579235,14,11,7.278433538251367,200,86,14.198142076502734,87,35,21,3,48.47584244080146,69.55991575591985,1115.139344262295,57.58071493624772,46.26464025500911,34.49214480874317,2.276753187613844,158.0,56.0,22.0,4.0,68.15833303755493,88.37564209952316,74.22352575614539,11.624357900476848,40.37944407295676,73.26563005659023,湿润宜居综合型
上海,2025,31.2304,121.4737,365,18.774794520547943,23.10054794520548,15.139178082191782,7.961369863013699,19.327397260273973,0.5526027397260275,69.20821917808219,1114.7,3.053972602739726,178,9,13.616712328767123,34.60739726027398,1,27,8.293215136986301,245,58,15.48035616438356,118,33,14,0,53.16945205479452,57.78686073059361,1487.1357305936071,60.1421803652968,45.37448630136986,41.65422374429224,5.296461187214612,133.0,82.0,54.0,9.0,70.29186472351225,87.24082321723576,75.3765522716293,12.759176782764248,39.24347742844263,77.13731134721486,湿润宜居综合型
丽江,2016,26.855,100.2278,366,13.03879781420765,18.508743169398908,8.315300546448087,10.19344262295082,12.152459016393443,-0.8863387978142078,74.03005464480874,1566.7,4.280601092896175,231,6,9.143715846994535,37.82650273224044,0,69,9.43583846387371,296,28,16.68193989071038,0,0,30,0,,,,,,,,0.0,0.0,0.0,0.0,70.23399044327877,,,,69.5705338162179,73.68079435720982,高原避暑型
丽江,2017,26.855,100.2278,365,11.886027397260271,18.20794520547945,6.576986301369863,11.630958904109589,10.589863013698633,-1.296164383561644,71.73972602739725,1731.3,4.743287671232877,239,17,10.977534246575344,37.52986301369863,0,57,9.614295410958904,297,23,17.313945205479452,0,0,62,0,,,,,,,,0.0,0.0,0.0,0.0,67.0025799587387,,,,73.7074414392593,71.03725802990985,高原避暑型
丽江,2018,26.855,100.2278,365,11.798904109589042,18.30876712328767,6.306027397260274,12.002739726027396,10.325205479452054,-1.4736986301369863,69.06849315068493,1931.3,5.291232876712328,236,19,11.543561643835616,38.60931506849315,0,68,9.826627085235922,302,17,17.75945205479452,0,0,64,0,,,,,,,,0.0,0.0,0.0,0.0,67.24226620424233,,,,72.65353912689602,70.93384776718439,高原避暑型
丽江,2019,26.855,100.2278,365,12.361369863013698,19.08,6.537808219178083,12.542191780821916,10.777534246575344,-1.5838356164383562,66.51506849315068,1563.5,4.2835616438356166,225,17,12.447397260273974,41.0117808219178,0,97,9.940091225266364,303,13,17.90115068493151,0,0,77,0,,,,,,,,0.0,0.0,0.0,0.0,68.21987864228907,,,,72.09049985270968,68.33595158096294,高原避暑型
丽江,2020,26.855,100.2278,366,12.280874316939892,18.68633879781421,6.7098360655737705,11.976502732240435,10.845901639344262,-1.4349726775956286,69.05464480874316,1826.7,4.990983606557378,248,22,12.012841530054644,40.08989071038251,0,83,9.64807857468124,297,25,17.43912568306011,0,0,83,3,,,,,,,,0.0,0.0,0.0,0.0,68.04208467898883,,,,72.06371483614672,67.7226686410017,高原避暑型
丽江,2021,26.855,100.2278,365,12.602465753424656,19.174246575342465,6.862739726027398,12.311506849315068,11.14986301369863,-1.4526027397260275,67.41917808219178,1879.3,5.148767123287671,234,23,11.896438356164383,38.87780821917808,0,74,9.94848700152207,295,14,18.01060273972603,0,0,73,0,,,,,,,,0.0,0.0,0.0,0.0,68.68262517625655,,,,71.85212203425772,68.94397162535309,高原避暑型
丽江,2022,26.855,100.2278,365,11.77945205479452,18.438082191780826,6.31945205479452,12.1186301369863,10.437808219178082,-1.3416438356164384,71.26575342465753,2048.4,5.612054794520549,244,23,11.450410958904108,35.756986301369864,0,44,9.614238584474888,294,21,18.044219178082194,0,0,79,0,,,,,,,,0.0,0.0,0.0,0.0,67.06755492173562,,,,73.24078837408999,67.0082469249665,高原避暑型
丽江,2023,26.855,100.2278,365,12.71013698630137,19.716438356164385,6.876438356164384,12.840000000000002,11.19013698630137,-1.5199999999999998,67.08767123287672,1613.5,4.420547945205479,225,16,12.585205479452055,37.48657534246576,0,74,10.107459124809742,317,13,19.02846575342466,5,0,50,0,7.882009132420092,11.38332191780822,216.8794520547945,7.266312785388129,2.726301369863014,84.13504566210047,0.3426940639269406,365.0,0.0,0.0,92.0,68.45805305190366,94.7487171883891,76.34525229284928,5.251282811610903,72.1685243718311,77.36688733233053,高原避暑型
丽江,2024,26.855,100.2278,366,12.518032786885248,19.42513661202186,7.020218579234973,12.404918032786885,11.102185792349728,-1.4158469945355192,69.57103825136612,2026.1,5.535792349726775,235,22,13.17513661202186,37.351639344262296,0,70,10.075799620522162,316,14,18.71991803278689,0,0,60,0,7.645309653916211,10.809870218579237,230.60507741347905,5.212966757741348,2.282479508196721,80.47461293260473,1.1931921675774135,366.0,0.0,0.0,45.0,68.35311096403082,95.05435630913308,76.36348456756149,4.945643690866915,71.28001967224407,77.07191745957768,高原避暑型
丽江,2025,26.855,100.2278,365,12.33917808219178,19.47945205479452,6.98027397260274,12.49917808219178,11.103835616438356,-1.2353424657534249,72.69315068493151,1869.5,5.1219178082191785,250,12,12.514520547945208,35.47123287671233,0,36,9.781181339421614,304,21,18.14123287671233,0,0,57,0,11.18530821917808,13.12964611872146,279.1437214611872,7.745970319634703,3.1422031963470323,89.33812785388128,4.568493150684931,362.0,0.0,61.0,96.0,67.97409107894805,94.0533152959528,75.79785834404947,5.94668470404722,72.77401470716542,76.55001380067571,高原避暑型
乌鲁木齐,2016,43.8256,87.6168,366,8.661475409836065,14.063661202185791,3.443715846994536,10.619945355191255,5.6292349726775965,-3.0322404371584697,54.04644808743169,432.2,1.1808743169398908,119,2,14.163934426229508,26.521584699453552,3,7,10.12419769277474,306,14,16.054699453551915,37,2,151,109,,,,,,,,0.0,0.0,0.0,0.0,66.64946305200301,,,,66.1989104606306,48.61510955590832,北方大陆四季型
乌鲁木齐,2017,43.8256,87.6168,365,8.180821917808219,12.884657534246577,3.384109589041096,9.50054794520548,4.841917808219178,-3.3389041095890413,54.93150684931507,242.9,0.6654794520547945,105,0,17.829315068493152,32.22438356164383,27,31,9.834025555555556,302,20,16.06284931506849,46,8,148,122,,,,,,,,0.0,0.0,0.0,0.0,64.51776351749564,,,,64.77780065477859,42.338142161502304,北方大陆四季型
乌鲁木齐,2018,43.8256,87.6168,365,7.461095890410959,12.392876712328766,2.33013698630137,10.062739726027395,3.927945205479453,-3.533150684931506,52.43561643835616,265.7,0.7279452054794521,106,0,19.068493150684933,34.36410958904109,37,40,9.292363150684931,291,23,15.313287671232878,53,3,143,114,,,,,,,,0.0,0.0,0.0,0.0,64.98615062730076,,,,62.596992051649,40.97086826320421,北方大陆四季型
乌鲁木齐,2019,43.8256,87.6168,365,8.246301369863014,12.991506849315067,3.34,9.65150684931507,4.852602739726027,-3.3936986301369862,53.654794520547945,239.6,0.6564383561643835,97,0,17.972602739726028,32.34712328767124,29,29,9.40642791476408,291,20,15.338931506849317,51,11,142,114,,,,,,,,0.0,0.0,0.0,0.0,65.39327371057408,,,,62.82286933989391,41.14881343350952,北方大陆四季型
乌鲁木齐,2020,43.8256,87.6168,366,8.546994535519126,13.322131147540984,3.642622950819672,9.679508196721311,4.840437158469945,-3.70655737704918,49.849726775956285,154.2,0.421311475409836,89,0,18.983060109289617,34.56475409836066,35,41,9.66818209623558,304,12,15.702103825136613,51,2,144,104,,,,,,,,0.0,0.0,0.0,0.0,64.85592986919575,,,,65.3914062286014,42.61034683268096,北方大陆四季型
乌鲁木齐,2021,43.8256,87.6168,365,8.32931506849315,13.317534246575342,3.3071232876712324,10.01041095890411,4.683287671232877,-3.6460273972602737,51.18082191780822,232.1,0.6358904109589041,87,0,19.177260273972603,34.38219178082192,33,41,9.377135502283105,290,23,15.486794520547946,58,11,155,114,,,,,,,,0.0,0.0,0.0,0.0,63.8095990906731,,,,63.965335953323695,42.4986224212784,北方大陆四季型
乌鲁木齐,2022,43.8256,87.6168,365,8.907945205479452,13.742739726027398,4.070136986301369,9.672602739726027,5.279178082191781,-3.628767123287671,51.04657534246575,203.0,0.5561643835616439,102,0,19.175068493150683,33.50164383561644,32,37,9.163422321156771,276,25,15.391013698630138,63,12,140,98,,,,,,,,0.0,0.0,0.0,0.0,64.56797649663494,,,,62.903038962102045,40.880374890538135,北方大陆四季型
乌鲁木齐,2023,43.8256,87.6168,365,8.928493150684933,13.929589041095891,3.9457534246575343,9.983835616438355,5.438082191780822,-3.4904109589041097,52.276712328767125,220.5,0.6041095890410959,115,0,19.35150684931507,33.32849315068493,31,31,9.04239805175038,266,28,15.1946301369863,57,18,137,94,55.60190639269407,153.20295662100455,472.7380136986301,42.10537671232876,14.918184931506849,50.19360730593608,224.31792237442923,160.0,87.0,280.0,9.0,64.44804299967896,87.39795197240076,71.33301569149549,12.60204802759924,60.9365956642816,52.179388524365024,北方大陆四季型
乌鲁木齐,2024,43.8256,87.6168,366,8.441530054644808,13.284426229508195,3.5224043715847,9.762021857923498,5.26448087431694,-3.177049180327869,56.99180327868852,299.7,0.8188524590163934,116,0,18.40983606557377,32.51502732240437,27,31,9.08101123254402,270,30,15.160819672131147,59,19,134,115,57.72752732240438,210.3354735883424,483.471766848816,34.21683743169399,12.254212204007288,52.90482695810565,394.94706284153006,119.0,78.0,263.0,7.0,65.0424626031262,86.47434525888391,71.47202739985352,13.525654741116083,60.48763877349393,51.99800835828297,北方大陆四季型
乌鲁木齐,2025,43.8256,87.6168,365,8.912602739726028,13.79205479452055,4.061095890410959,9.73095890410959,5.920547945205479,-2.992054794520548,55.72876712328768,277.3,0.7597260273972603,97,0,14.242465753424655,33.267671232876715,9,33,9.19052121004566,269,21,15.413561643835616,75,16,146,113,65.9101598173516,332.16227168949774,636.5950913242009,36.50429223744292,17.11304794520548,57.21917808219178,522.5310502283105,46.0,107.0,281.0,30.0,65.10192335657294,83.3839618659835,70.58653490939611,16.61603813401651,59.14666649501704,52.31430009297584,北方大陆四季型
北京,2016,39.9042,116.4074,366,12.722131147540985,18.668852459016392,7.223497267759563,11.44535519125683,11.037704918032787,-1.6844262295081966,53.90710382513661,674.8,1.8437158469945356,89,4,13.139617486338798,28.9948087431694,0,9,9.482832103825135,293,31,15.410491803278688,86,10,129,73,,,,,,,,0.0,0.0,0.0,0.0,67.05246417800183,,,,49.18967456825016,51.774025172296966,北方大陆四季型
北京,2017,39.9042,116.4074,365,13.225205479452054,18.945479452054798,8.08904109589041,10.856438356164384,11.144383561643837,-2.080821917808219,51.38630136986301,694.8,1.903561643835616,94,9,18.47068493150685,33.302191780821914,26,32,9.280261293759514,291,34,15.224575342465752,71,20,119,61,,,,,,,,0.0,0.0,0.0,0.0,66.0277994863071,,,,50.72513564100064,52.49575130083174,北方大陆四季型
北京,2018,39.9042,116.4074,365,12.850410958904108,18.58027397260274,7.704931506849316,10.875342465753423,10.775342465753424,-2.075068493150685,49.0958904109589,562.9,1.5421917808219177,90,6,18.329315068493152,32.71287671232877,24,27,8.845726704718418,278,30,14.322109589041094,82,23,125,70,,,,,,,,0.0,0.0,0.0,0.0,65.49401178587048,,,,45.44699020220034,47.08282911423469,北方大陆四季型
北京,2019,39.9042,116.4074,365,13.452054794520548,19.44027397260274,7.949041095890411,11.49123287671233,11.09972602739726,-2.3523287671232875,47.21369863013699,495.0,1.356164383561644,82,3,18.90493150684932,33.77342465753424,27,40,9.016154703196348,289,29,14.716876712328768,100,16,118,66,,,,,,,,0.0,0.0,0.0,0.0,66.6950445500101,,,,50.274732439653256,49.56685236960239,北方大陆四季型
北京,2020,39.9042,116.4074,366,13.11912568306011,18.972404371584695,7.89016393442623,11.08224043715847,10.805464480874315,-2.3136612021857927,50.66666666666666,523.0,1.4289617486338797,100,4,18.3896174863388,33.039071038251365,20,33,8.98147972070431,289,25,14.607704918032788,79,11,114,58,,,,,,,,0.0,0.0,0.0,0.0,66.95010205828225,,,,50.02206294341792,52.082724099803634,北方大陆四季型
北京,2021,39.9042,116.4074,365,12.702191780821918,18.12027397260274,7.84,10.28027397260274,10.8213698630137,-1.8808219178082195,57.106849315068494,834.4,2.286027397260274,120,6,17.79342465753425,32.16849315068493,25,37,8.377539802130897,262,42,13.698054794520548,51,4,112,49,,,,,,,,0.0,0.0,0.0,0.0,66.4232217296269,,,,52.0854179280116,52.612980168402345,北方大陆四季型
北京,2022,39.9042,116.4074,365,12.6427397260274,18.452876712328766,7.503287671232877,10.94958904109589,10.49150684931507,-2.1512328767123288,51.66301369863014,609.2,1.6690410958904112,90,7,18.26630136986301,31.48657534246576,28,31,8.619785273972603,265,33,13.944,75,13,117,79,,,,,,,,0.0,0.0,0.0,0.0,66.39888035954243,,,,50.992040951470194,47.42748935721063,北方大陆四季型
北京,2023,39.9042,116.4074,365,13.43972602739726,19.311780821917807,8.154246575342466,11.157534246575343,11.377534246575342,-2.062191780821918,52.05205479452055,640.6,1.755068493150685,84,7,18.470410958904107,31.93068493150685,21,28,8.679638120243531,280,40,13.94295890410959,78,31,121,63,72.64947488584475,107.096301369863,1279.779794520548,64.52146118721461,64.92199771689498,34.66152968036529,7.644063926940638,73.0,136.0,89.0,8.0,66.3690246428703,84.7206992250207,71.87452701751542,15.279300774979305,48.09613390944276,57.93283158655615,北方大陆四季型
北京,2024,39.9042,116.4074,366,13.750819672131149,19.180601092896172,8.804098360655738,10.376502732240438,12.060382513661205,-1.6904371584699456,54.53825136612022,726.5,1.9849726775956285,107,6,17.080054644808744,30.551366120218574,20,24,8.523426343351549,266,35,13.741693989071038,81,23,105,48,81.8640368852459,114.91840846994536,1203.0439435336975,53.43201275045537,60.48629326047359,37.17497723132969,8.27561475409836,44.0,167.0,87.0,13.0,67.27184431748447,84.31172187766457,72.38380758553849,15.688278122335433,46.76821910461935,59.74155763245811,北方大陆四季型
北京,2025,39.9042,116.4074,365,14.407671232876712,19.11616438356164,9.841643835616438,9.274520547945205,12.976164383561644,-1.4315068493150684,49.26027397260274,711.0,1.947945205479452,111,8,12.907671232876712,31.984931506849318,2,36,8.528004794520548,259,28,13.85627397260274,84,18,98,36,83.41103881278539,96.5308789954338,1390.0269406392692,57.68663242009133,61.24158675799087,41.03036529680365,22.6898401826484,40.0,171.0,163.0,19.0,66.76751220068489,83.7687713122467,71.86788993415342,16.231228687753305,45.2942124520731,60.17640745493404,北方大陆四季型
南京,2016,32.0603,118.7969,366,16.465846994535518,20.777595628415305,12.645628415300546,8.131967213114754,16.507377049180327,0.0415300546448087,76.41803278688525,1980.7,5.411748633879782,172,23,15.052185792349729,31.422131147540984,2,17,7.223482877959927,203,87,13.374234972677597,66,10,45,5,,,,,,,,0.0,0.0,0.0,0.0,68.81258851866578,,,,43.19015816241404,67.41513188626813,湿润宜居综合型
南京,2017,32.0603,118.7969,365,16.497260273972604,20.69890410958904,12.71041095890411,7.988493150684932,16.357808219178082,-0.1394520547945206,73.37260273972603,1162.0,3.1835616438356165,160,9,15.964109589041096,31.56739726027397,6,14,7.689266347031963,217,78,14.19772602739726,59,10,34,1,,,,,,,,0.0,0.0,0.0,0.0,69.10521850924827,,,,43.57131970445753,69.37920002050592,湿润宜居综合型
南京,2018,32.0603,118.7969,365,16.258356164383564,20.456986301369863,12.505479452054796,7.951506849315069,16.22931506849315,-0.0290410958904109,76.05753424657534,1133.8,3.1063013698630138,195,7,16.07178082191781,31.481917808219176,6,15,7.492078242009132,211,81,13.76309589041096,69,1,43,19,,,,,,,,0.0,0.0,0.0,0.0,68.49562217726424,,,,42.752380717066096,61.89517008031498,湿润宜居综合型
南京,2019,32.0603,118.7969,365,16.54027397260274,20.912876712328767,12.59041095890411,8.322465753424657,16.246301369863012,-0.2939726027397261,72.9013698630137,707.3,1.937808219178082,159,4,15.312876712328766,30.13945205479452,5,13,7.503582739726027,212,73,13.927671232876714,59,6,30,0,,,,,,,,0.0,0.0,0.0,0.0,70.49410816192672,,,,46.17136220470488,66.55325229526228,湿润宜居综合型
南京,2020,32.0603,118.7969,366,16.504371584699456,20.59672131147541,12.85409836065574,7.742622950819673,16.383879781420767,-0.1204918032786885,74.98360655737704,1395.5,3.8128415300546448,184,15,15.667486338797817,31.391803278688524,4,12,7.018692835458409,195,91,13.1972131147541,60,1,26,2,,,,,,,,0.0,0.0,0.0,0.0,69.52596224357788,,,,43.903537116244586,67.83839635352359,湿润宜居综合型
南京,2021,32.0603,118.7969,365,17.031232876712327,21.48109589041096,13.146849315068494,8.334246575342465,17.04849315068493,0.0172602739726027,73.92602739726027,1173.6,3.2153424657534244,167,12,16.263835616438357,31.774520547945208,7,19,7.578433873668189,219,76,14.068,82,0,33,7,,,,,,,,0.0,0.0,0.0,0.0,69.49382762125366,,,,43.27339679583178,69.43339124468659,湿润宜居综合型
南京,2022,32.0603,118.7969,365,17.01835616438356,21.534794520547944,12.947671232876711,8.587123287671233,16.775068493150684,-0.2432876712328767,70.76438356164384,933.6,2.5578082191780824,161,11,16.612054794520546,31.55260273972603,4,16,7.653692869101979,218,77,14.582027397260273,89,30,42,1,,,,,,,,0.0,0.0,0.0,0.0,69.46519225085767,,,,38.95187614205575,65.422589558388,湿润宜居综合型
南京,2023,32.0603,118.7969,365,16.76931506849315,21.33041095890411,12.86986301369863,8.460547945205478,16.687671232876713,-0.0816438356164383,72.57534246575342,1292.9,3.542191780821918,164,12,16.277534246575343,30.79808219178082,2,9,7.408482427701674,217,80,14.213342465753424,81,1,42,7,46.70780821917808,69.17626712328767,772.7912100456622,55.54694063926941,47.58634703196347,36.223515981735154,2.838127853881278,124.0,33.0,29.0,11.0,70.03811052008507,88.87309755093722,75.68860662934071,11.126902449062776,42.22481125713899,71.8211243065472,湿润宜居综合型
南京,2024,32.0603,118.7969,366,16.99808743169399,21.283060109289615,13.341530054644808,7.941530054644809,17.205191256830602,0.207103825136612,75.41256830601093,1533.0,4.188524590163935,171,15,16.137431693989072,30.848087431693987,3,7,7.470465125986642,218,83,14.120573770491804,88,19,54,2,48.0345286885246,67.90522540983606,714.2727686703097,49.7436475409836,35.15225409836066,40.03836520947176,3.202185792349727,134.0,47.0,34.0,17.0,68.26000342301415,89.13109205458946,74.52133001248676,10.868907945410534,39.9619730872422,70.45348866291647,湿润宜居综合型
南京,2025,32.0603,118.7969,365,18.0613698630137,22.61123287671233,14.193972602739729,8.417260273972603,18.336164383561645,0.2747945205479451,69.24931506849315,1114.4,3.053150684931507,165,11,14.15095890410959,32.80849315068493,0,22,8.03004887366819,237,63,14.73904109589041,105,30,22,1,49.48183789954338,54.1587100456621,754.0745433789954,44.02678082191781,35.04917808219178,53.88687214611872,7.284703196347031,132.0,55.0,79.0,38.0,69.76644875429331,88.72852293762703,75.45507100929342,11.271477062372965,39.495358471672766,76.02028802380174,湿润宜居综合型
厦门,2016,24.4798,118.0894,366,21.32540983606557,24.433879781420764,18.905464480874315,5.528415300546448,23.49781420765028,2.1724043715847,83.17486338797814,2022.1,5.524863387978142,240,17,15.53551912568306,32.61448087431694,5,21,7.97690239829994,227,59,14.005546448087433,74,1,1,0,,,,,,,,0.0,0.0,0.0,0.0,72.08832384101689,,,,37.68242446636526,78.1714072926288,滨海暖冬度假型
厦门,2017,24.4798,118.0894,365,22.297534246575346,26.114246575342467,19.46849315068493,6.645753424657534,23.42219178082192,1.1246575342465752,72.7068493150685,1363.4,3.735342465753425,195,9,23.04602739726027,42.25315068493151,62,83,9.043938333333331,268,46,16.30476712328767,114,14,0,0,,,,,,,,0.0,0.0,0.0,0.0,73.69674963831129,,,,38.66837784210621,81.53737410359889,滨海暖冬度假型
厦门,2018,24.4798,118.0894,365,22.408493150684933,26.253424657534246,19.4427397260274,6.81068493150685,23.60438356164384,1.195890410958904,72.54794520547945,1219.2,3.34027397260274,202,12,22.208493150684934,40.99424657534247,43,60,8.909437671232878,276,44,16.35490410958904,129,10,0,0,,,,,,,,0.0,0.0,0.0,0.0,74.7237238846195,,,,38.71374423123027,80.14732151699727,滨海暖冬度假型
厦门,2019,24.4798,118.0894,365,22.354794520547944,26.197534246575344,19.43917808219178,6.758356164383562,23.678630136986303,1.3238356164383562,74.87397260273973,1152.2,3.1567123287671235,215,9,22.27671232876712,41.07287671232877,47,64,9.033531293759513,269,35,16.377671232876715,112,10,0,0,,,,,,,,0.0,0.0,0.0,0.0,74.82229346177465,,,,38.44557883210124,81.16106318845888,滨海暖冬度假型
厦门,2020,24.4798,118.0894,366,22.706830601092896,26.721584699453555,19.707377049180327,7.014207650273224,23.733879781420764,1.027049180327869,71.74043715846994,897.8,2.4530054644808743,199,7,24.08251366120219,43.86120218579235,75,109,9.372307809653917,282,29,17.03874316939891,124,26,0,0,,,,,,,,0.0,0.0,0.0,0.0,75.02278512897055,,,,36.66764803111609,81.75977406968894,滨海暖冬度假型
厦门,2021,24.4798,118.0894,365,22.84027397260274,26.97068493150685,19.673698630136983,7.296986301369864,24.09397260273973,1.2536986301369863,71.35068493150685,882.4,2.417534246575342,192,7,23.690958904109596,42.75369863013699,61,82,9.618016704718418,296,19,17.5187397260274,140,15,0,0,,,,,,,,0.0,0.0,0.0,0.0,74.35142416211957,,,,37.64706651746248,82.62649819536325,滨海暖冬度假型
厦门,2022,24.4798,118.0894,365,21.986849315068493,25.86465753424657,19.08410958904109,6.78054794520548,23.000547945205483,1.0136986301369864,74.41095890410959,1527.3,4.184383561643836,199,16,23.297808219178084,40.669041095890414,53,58,8.477982321156773,251,59,16.359260273972602,117,21,0,0,,,,,,,,0.0,0.0,0.0,0.0,73.85097152515341,,,,38.2781219928206,78.94020018727349,滨海暖冬度假型
厦门,2023,24.4798,118.0894,365,22.393424657534247,26.513424657534244,19.18849315068493,7.324931506849315,23.61890410958904,1.2254794520547945,73.17808219178082,1345.1,3.6852054794520543,213,14,22.622739726027397,40.1186301369863,49,55,8.692682184170472,262,41,16.506,112,27,0,0,28.98022831050228,44.99703196347032,395.9142694063928,39.75529680365297,29.164874429223744,55.9384703196347,0.6100456621004566,273.0,12.0,1.0,18.0,74.37703882322569,91.40293028411492,79.48480626149245,8.597069715885066,37.52395195830336,82.96038564366914,滨海暖冬度假型
厦门,2024,24.4798,118.0894,366,22.483879781420764,26.496994535519125,19.390437158469943,7.10655737704918,24.053005464480872,1.5691256830601092,74.78142076502732,1632.3,4.4598360655737705,219,19,21.053005464480872,38.80191256830601,23,42,8.504196653005463,240,45,16.135983606557378,124,11,0,0,26.19417122040073,39.28506375227687,438.2008196721312,32.726001821493625,22.654565118397084,56.20389344262295,0.9076730418943532,275.0,2.0,8.0,20.0,74.39781250935278,92.1554062389243,79.72509062822424,7.844593761075688,37.409156592709714,84.43765277138408,滨海暖冬度假型
厦门,2025,24.4798,118.0894,365,22.619726027397263,26.9586301369863,19.296712328767125,7.661917808219178,24.25041095890411,1.6306849315068492,71.73150684931507,1444.4,3.957260273972602,199,15,18.515890410958903,39.94438356164384,9,49,8.85048798325723,264,44,16.725972602739724,144,26,0,0,31.92618721461187,34.532226027397265,540.9533105022831,32.04777397260274,27.805605022831053,67.29737442922375,2.2310502283105023,243.0,14.0,21.0,30.0,74.20026834891704,90.96166105334255,79.22868616024469,9.038338946657436,37.31132615830947,84.82960325557923,滨海暖冬度假型
哈尔滨,2016,45.8038,126.5349,366,4.424590163934426,9.591803278688523,-0.6573770491803279,10.249180327868851,1.3013661202185791,-3.1232240437158474,65.69945355191257,668.0,1.825136612021858,122,3,18.651912568306013,35.47322404371585,23,43,9.049556989981786,265,36,13.878224043715848,15,0,175,140,,,,,,,,0.0,0.0,0.0,0.0,62.88104740313623,,,,64.05429716139844,37.47969879883663,北方大陆四季型
哈尔滨,2017,45.8038,126.5349,365,5.314794520547945,10.414520547945203,0.3202739726027397,10.094246575342464,2.0591780821917807,-3.255616438356164,61.61095890410959,485.8,1.330958904109589,141,2,19.795616438356163,36.65643835616439,35,59,9.364089414003043,278,30,14.473534246575342,20,0,169,123,,,,,,,,0.0,0.0,0.0,0.0,63.18208766304185,,,,63.37364331404515,39.42806017130263,北方大陆四季型
哈尔滨,2018,45.8038,126.5349,365,5.228219178082192,10.390958904109588,0.3753424657534245,10.015616438356163,2.136986301369863,-3.0912328767123287,62.14520547945205,628.1,1.7208219178082191,139,3,19.56876712328767,36.01890410958904,29,44,8.771993219178082,261,34,13.4586301369863,17,2,161,130,,,,,,,,0.0,0.0,0.0,0.0,63.97353509939048,,,,61.44464380614979,39.470945208260815,北方大陆四季型
哈尔滨,2019,45.8038,126.5349,365,6.084931506849316,11.18082191780822,1.356986301369863,9.823835616438355,2.9106849315068497,-3.1742465753424653,58.56438356164384,795.5,2.1794520547945204,133,5,19.68794520547945,37.03260273972602,29,53,8.97240189497717,271,41,13.63441095890411,11,0,168,128,,,,,,,,0.0,0.0,0.0,0.0,62.87798910984695,,,,63.73958037313307,42.14805312662872,北方大陆四季型
哈尔滨,2020,45.8038,126.5349,366,5.699180327868853,10.544535519125684,1.2557377049180327,9.28879781420765,2.7136612021857927,-2.9855191256830604,66.17213114754098,766.5,2.094262295081968,145,4,19.00928961748634,35.52459016393443,21,47,8.80743063904068,266,37,13.309535519125683,14,0,174,123,,,,,,,,0.0,0.0,0.0,0.0,63.396991152837685,,,,63.56001339339524,40.82144693292029,北方大陆四季型
哈尔滨,2021,45.8038,126.5349,365,5.677534246575343,10.49917808219178,1.0895890410958904,9.40958904109589,2.798356164383561,-2.879178082191781,66.87671232876713,679.6,1.861917808219178,176,3,19.14383561643836,35.99753424657534,27,43,8.753226742770167,254,38,13.239068493150686,18,0,169,126,,,,,,,,0.0,0.0,0.0,0.0,63.177765831259045,,,,61.84665044014594,39.90040479063668,北方大陆四季型
哈尔滨,2022,45.8038,126.5349,365,5.442191780821919,10.44849315068493,0.8545205479452054,9.593972602739727,2.3306849315068496,-3.111506849315069,64.07397260273973,602.3000000000001,1.65013698630137,155,4,19.45945205479452,35.21616438356164,25,38,9.138286506849315,275,32,14.045287671232876,11,0,170,126,,,,,,,,0.0,0.0,0.0,0.0,63.35750569706109,,,,64.26244667002896,40.05430801860702,北方大陆四季型
哈尔滨,2023,45.8038,126.5349,365,5.366301369863014,10.605479452054794,0.3750684931506848,10.230410958904107,2.2964383561643835,-3.06986301369863,64.91780821917808,649.8,1.7802739726027397,143,4,19.60054794520548,34.873698630136985,30,42,9.101239185692542,270,35,13.974712328767124,10,1,165,130,25.89203196347032,38.21239726027397,366.7458904109589,19.581107305936072,14.055707762557075,53.43538812785389,2.679908675799086,286.0,6.0,21.0,10.0,63.429342109955336,93.206944283155,72.36262276191523,6.793055716844995,62.81241441670768,51.96972230975344,北方大陆四季型
哈尔滨,2024,45.8038,126.5349,366,5.645628415300547,10.681967213114756,0.7379781420765028,9.943989071038253,2.787704918032787,-2.8579234972677594,67.76775956284153,823.5,2.25,152,4,18.95601092896175,34.02158469945355,27,38,8.777536240133577,254,35,13.705491803278688,7,0,161,126,24.29245218579235,34.149112021857924,398.2329234972677,16.62836976320583,9.573098816029145,55.53620218579235,2.2778916211293256,300.0,3.0,20.0,14.0,63.39123240024008,93.50545726270498,72.42549985897955,6.4945427372950215,61.880611316089706,51.34981447419034,北方大陆四季型
哈尔滨,2025,45.8038,126.5349,365,5.881643835616439,10.733972602739726,1.357808219178082,9.376164383561644,3.368219178082192,-2.5134246575342467,67.09041095890412,582.7,1.5964383561643838,166,1,16.303835616438356,32.793150684931504,5,24,8.830237701674276,250,32,13.767671232876712,25,1,169,122,26.96407534246575,30.25460045662101,427.20662100456616,17.42939497716895,11.804212328767123,61.08812785388128,4.941666666666666,282.0,8.0,49.0,20.0,64.45956051577869,92.9119899907645,72.99528935827442,7.088010009235509,60.19505718668617,51.276763724798045,北方大陆四季型
大理,2016,25.6065,100.2676,366,15.619398907103824,20.38142076502732,11.845081967213115,8.536338797814208,15.362021857923498,-0.2573770491803278,75.80327868852459,1273.4,3.479234972677596,255,4,10.889071038251366,41.81994535519126,0,96,9.190858910139648,287,30,16.375382513661204,0,0,2,0,,,,,,,,0.0,0.0,0.0,0.0,75.11735922412545,,,,65.36133784181591,78.17062836811687,高原避暑型
大理,2017,25.6065,100.2676,365,15.293972602739728,20.22958904109589,11.539178082191782,8.69041095890411,14.617260273972605,-0.6767123287671233,75.04383561643836,1202.2,3.2936986301369866,199,7,13.253972602739726,37.27342465753424,0,37,9.512777785388128,292,28,16.94095890410959,0,0,0,0,,,,,,,,0.0,0.0,0.0,0.0,74.01753211509448,,,,66.92642229889853,80.4967888508727,高原避暑型
大理,2018,25.6065,100.2676,365,15.155616438356164,20.34986301369863,11.164383561643836,9.185479452054794,14.332328767123288,-0.8232876712328768,73.66301369863014,1452.0,3.978082191780822,195,12,13.825753424657533,38.75041095890411,0,56,9.593320403348557,294,23,17.203068493150685,0,0,0,0,,,,,,,,0.0,0.0,0.0,0.0,73.59345624798874,,,,65.79648843014023,79.10143703001677,高原避暑型
大理,2019,25.6065,100.2676,365,15.63972602739726,21.15287671232877,11.256712328767122,9.896164383561644,14.725753424657531,-0.913972602739726,71.34246575342466,1037.5,2.8424657534246576,188,9,14.502739726027396,40.78876712328767,0,77,10.244431712328767,314,15,18.06890410958904,8,0,0,0,,,,,,,,0.0,0.0,0.0,0.0,74.45910961543414,,,,65.88356147235848,79.67546482446858,高原避暑型
大理,2020,25.6065,100.2676,366,15.640710382513662,20.94344262295082,11.365027322404371,9.578415300546448,14.739617486338798,-0.9010928961748634,72.24590163934427,1046.7,2.8598360655737705,208,12,14.887431693989072,41.773497267759566,0,91,9.733085799939284,303,29,17.393060109289618,0,0,0,0,,,,,,,,0.0,0.0,0.0,0.0,74.40175829333266,,,,66.64764779003094,79.88727963951942,高原避暑型
大理,2021,25.6065,100.2676,365,16.021643835616437,21.546027397260275,11.51041095890411,10.035616438356165,15.123561643835618,-0.8980821917808219,70.37808219178082,966.3,2.6473972602739724,194,7,14.61123287671233,39.92657534246575,0,66,10.080388523592084,318,20,17.996383561643835,1,0,1,0,,,,,,,,0.0,0.0,0.0,0.0,75.23677745965189,,,,66.35123792327167,79.65269222799813,高原避暑型
大理,2022,25.6065,100.2676,365,15.3227397260274,20.687671232876717,11.23150684931507,9.456164383561644,14.596986301369862,-0.7257534246575343,74.47397260273972,1106.4,3.031232876712329,233,3,13.56904109589041,36.14082191780822,0,30,9.563906407914764,295,29,17.619616438356164,0,0,1,0,,,,,,,,0.0,0.0,0.0,0.0,73.79362762390748,,,,67.0323663655812,77.20246735528879,高原避暑型
大理,2023,25.6065,100.2676,365,16.39643835616438,22.289863013698632,11.629041095890411,10.66082191780822,15.57150684931507,-0.8249315068493149,69.59726027397261,1010.8,2.7693150684931505,167,5,14.601095890410958,37.42465753424658,0,68,10.100924786910198,309,17,18.82476712328767,7,0,0,0,12.286381278538812,17.711027397260274,271.5418949771689,11.655228310502284,5.6212899543379,81.5425799086758,0.3655251141552511,365.0,0.0,0.0,104.0,75.7114454460894,94.0464203581316,81.21193791970205,5.953579641868395,65.53978065140885,83.59747378434523,高原避暑型
大理,2024,25.6065,100.2676,366,16.1827868852459,21.87021857923497,11.891530054644807,9.978688524590163,15.513387978142076,-0.6693989071038251,72.74590163934427,927.5,2.5341530054644807,209,6,15.18551912568306,37.33032786885246,0,55,10.143487826350942,316,12,18.238879781420767,2,0,0,0,11.850170765027324,16.81599499089253,261.33549635701274,10.206568761384334,5.28655510018215,76.00842440801456,1.5635245901639343,366.0,0.0,3.0,49.0,75.31107325019504,94.45686271600223,81.05481008993719,5.543137283997763,65.13425332872315,83.0868159484792,高原避暑型
大理,2025,25.6065,100.2676,365,15.992876712328766,21.386301369863013,12.0413698630137,9.344931506849315,15.49123287671233,-0.5016438356164384,75.09041095890412,1341.4,3.675068493150685,219,13,14.323561643835616,36.17671232876712,0,42,9.779443462709285,304,27,17.639205479452055,0,0,0,0,16.611940639269406,18.662146118721463,274.872602739726,12.24835616438356,8.412853881278538,82.39155251141553,4.526826484018265,356.0,0.0,63.0,91.0,74.96050323645444,93.48486776119702,80.51781259387722,6.515132238802971,65.77889571017417,82.53748050983604,高原避暑型
广州,2016,23.1291,113.2644,366,22.518306010928963,26.12595628415301,19.702459016393444,6.423497267759563,25.10765027322404,2.5893442622950817,80.15027322404372,2596.4,7.093989071038251,252,26,14.086338797814207,31.72704918032787,2,14,7.202140209471767,194,86,13.233688524590164,135,3,0,0,,,,,,,,0.0,0.0,0.0,0.0,72.4962231123942,,,,35.306921283374706,79.61431200905339,滨海暖冬度假型
广州,2017,23.1291,113.2644,365,22.39068493150685,26.02383561643836,19.438356164383563,6.585479452054794,24.15068493150685,1.76,76.03561643835616,2076.6,5.68931506849315,247,18,17.90027397260274,34.25013698630137,10,18,7.719546088280061,221,78,14.101534246575344,120,2,0,0,,,,,,,,0.0,0.0,0.0,0.0,74.10357082164823,,,,37.48081343930968,81.6388621949826,滨海暖冬度假型
广州,2018,23.1291,113.2644,365,22.293150684931508,26.075342465753423,19.14164383561644,6.933698630136987,24.082465753424657,1.7893150684931507,76.59452054794521,2154.2,5.901917808219178,266,20,17.724931506849316,33.49506849315069,10,19,7.654048105022832,203,60,14.30619178082192,106,0,0,0,,,,,,,,0.0,0.0,0.0,0.0,74.77438445053187,,,,37.6986281732005,79.46500310927749,滨海暖冬度假型
广州,2019,23.1291,113.2644,365,23.14958904109589,27.13287671232877,19.85972602739726,7.273150684931506,25.175342465753424,2.0257534246575344,76.02465753424657,2390.2,6.548493150684931,249,29,17.5813698630137,33.838904109589045,6,19,7.881153462709284,222,57,14.581205479452056,132,2,0,0,,,,,,,,0.0,0.0,0.0,0.0,75.22544881783708,,,,35.68712100769859,81.1685882506299,滨海暖冬度假型
广州,2020,23.1291,113.2644,366,23.02103825136612,27.10191256830601,19.707377049180327,7.394535519125683,24.733606557377048,1.712568306010929,74.66120218579235,1978.1,5.4046448087431695,242,13,18.68579234972677,35.004371584699456,5,21,8.516143123861566,246,42,15.249836065573769,124,14,0,0,,,,,,,,0.0,0.0,0.0,0.0,75.31358952203503,,,,36.92142616118245,82.82981573842835,滨海暖冬度假型
广州,2021,23.1291,113.2644,365,23.23397260273973,27.287123287671232,19.86684931506849,7.42027397260274,25.188767123287672,1.954794520547945,73.04931506849314,1986.3,5.441917808219178,241,23,17.562739726027395,33.03808219178082,12,18,8.501352663622527,249,50,15.505232876712329,149,2,0,0,,,,,,,,0.0,0.0,0.0,0.0,74.34967352777691,,,,36.26694490166714,82.913651843522,滨海暖冬度假型
广州,2022,23.1291,113.2644,365,22.29835616438356,26.307397260273973,19.02931506849315,7.278082191780822,23.87835616438356,1.58,75.6109589041096,2440.2,6.685479452054794,236,31,18.17890410958904,32.83260273972603,15,18,7.4485805251141555,211,82,15.016219178082192,133,12,0,0,,,,,,,,0.0,0.0,0.0,0.0,73.66579386447198,,,,37.35531943009239,78.01062941013784,滨海暖冬度假型
广州,2023,23.1291,113.2644,365,22.855342465753427,26.795068493150687,19.6413698630137,7.1536986301369865,24.85561643835616,2.00027397260274,76.56164383561644,2315.2,6.343013698630137,253,21,17.98164383561644,32.325753424657535,13,20,7.607649307458143,215,71,14.92446575342466,124,5,0,0,41.69460045662101,61.21914383561644,790.2834474885844,58.62498858447489,52.229577625570776,37.5972602739726,0.1760273972602739,162.0,28.0,0.0,3.0,74.83795436435177,89.1463094815872,79.13046089952239,10.853690518412805,36.16069159727327,82.99752874963451,滨海暖冬度假型
广州,2024,23.1291,113.2644,366,22.927049180327867,26.87377049180328,19.82431693989071,7.049453551912568,24.85136612021858,1.9243169398907105,75.75409836065573,2847.2,7.779234972677595,259,35,18.256010928961743,33.95956284153006,12,14,7.434024203096539,210,75,14.59571038251366,132,4,0,0,39.69330601092896,55.13313979963571,608.7790300546449,48.54452413479053,34.69795081967213,42.07092440801457,0.3702185792349727,192.0,26.0,2.0,1.0,74.32315361455964,90.17463652751287,79.07859848844562,9.825363472487116,36.36734089254776,83.30624132957787,滨海暖冬度假型
广州,2025,23.1291,113.2644,365,22.967671232876715,27.289315068493156,19.554794520547944,7.734520547945205,25.172602739726027,2.204931506849315,72.82739726027397,2131.8,5.84054794520548,235,20,13.081917808219178,32.318082191780825,2,17,7.913030289193303,220,58,15.376027397260271,142,13,0,0,50.78433789954338,52.25953196347032,769.4534246575342,51.8195205479452,40.43073059360731,52.34920091324201,1.6519406392694065,109.0,60.0,14.0,7.0,75.46139686479957,88.21200951491996,79.28658065983568,11.787990485080046,36.8021514074154,84.53704487295387,滨海暖冬度假型
成都,2016,30.5728,104.0668,366,17.84153005464481,21.77431693989071,14.316120218579234,7.458196721311476,18.4344262295082,0.5928961748633879,74.43442622950819,1224.5,3.3456284153005464,213,11,11.262295081967212,22.825956284153005,0,4,7.226977588038859,174,74,12.538415300546449,76,8,8,0,,,,,,,,0.0,0.0,0.0,0.0,73.6105936355651,,,,43.23318149269094,74.2919634382696,湿润宜居综合型
成都,2017,30.5728,104.0668,365,17.614794520547946,21.565753424657533,13.97068493150685,7.595068493150684,17.784931506849315,0.1701369863013698,72.03287671232877,790.2,2.164931506849315,249,3,12.75972602739726,25.213150684931502,3,6,6.412971628614915,148,97,12.070575342465752,68,8,1,0,,,,,,,,0.0,0.0,0.0,0.0,73.78466298320221,,,,47.06432649075504,75.53081128327894,湿润宜居综合型
成都,2018,30.5728,104.0668,365,17.202739726027396,21.33041095890411,13.533150684931508,7.797260273972602,17.438082191780822,0.2353424657534247,73.34246575342466,1512.8,4.144657534246576,239,15,13.012876712328769,25.947945205479453,6,9,6.330599421613393,150,102,12.178356164383562,58,1,12,0,,,,,,,,0.0,0.0,0.0,0.0,73.09082115433434,,,,46.51178631740449,72.00915773219512,湿润宜居综合型
成都,2019,30.5728,104.0668,365,16.994794520547945,20.82575342465753,13.506027397260274,7.31972602739726,17.349589041095893,0.3547945205479453,76.38630136986302,1082.2,2.9649315068493154,249,6,12.199452054794522,24.258082191780822,3,4,6.294001141552512,153,98,12.03041095890411,39,0,5,0,,,,,,,,0.0,0.0,0.0,0.0,73.32838508828735,,,,49.34106035339968,72.7619316923232,湿润宜居综合型
成都,2020,30.5728,104.0668,366,17.39426229508197,21.30546448087432,13.85136612021858,7.454098360655737,17.43633879781421,0.0420765027322404,72.74863387978142,1476.6,4.034426229508196,244,11,13.110109289617489,25.79071038251366,7,14,6.064119983302975,134,105,11.985846994535516,64,6,1,0,,,,,,,,0.0,0.0,0.0,0.0,73.37307869421154,,,,48.48595780291377,72.67461705330827,湿润宜居综合型
成都,2021,30.5728,104.0668,365,17.15205479452055,21.13890410958904,13.630410958904111,7.508493150684931,17.5586301369863,0.4065753424657534,76.34520547945205,1266.5,3.46986301369863,245,8,12.253972602739726,24.32821917808219,4,7,6.260414421613395,143,93,12.298219178082192,43,0,13,0,,,,,,,,0.0,0.0,0.0,0.0,73.22742264594265,,,,49.13607879796455,73.26474472419028,湿润宜居综合型
成都,2022,30.5728,104.0668,365,17.71698630136986,21.938356164383563,13.993424657534248,7.944931506849315,18.16191780821918,0.4449315068493151,75.23561643835616,1041.8,2.854246575342465,234,9,12.90082191780822,24.25041095890411,3,6,5.892386286149162,137,109,11.864328767123286,70,26,6,0,,,,,,,,0.0,0.0,0.0,0.0,72.67998799331704,,,,43.62596099770087,70.6936102904882,湿润宜居综合型
成都,2023,30.5728,104.0668,365,18.105479452054794,22.542465753424658,14.182739726027396,8.359726027397262,18.336438356164383,0.230958904109589,71.23561643835616,899.9,2.4654794520547942,214,3,13.223287671232876,24.92328767123288,5,8,5.94702110350076,123,95,11.838164383561644,83,14,7,0,58.23947488584475,84.82593607305937,933.2004566210046,52.8108904109589,57.4036301369863,51.837785388127855,4.863584474885845,48.0,73.0,48.0,36.0,74.720860603334,86.61073178333142,78.28782195733322,13.389268216668585,45.85635266098832,76.4694045451523,湿润宜居综合型
成都,2024,30.5728,104.0668,366,18.453005464480874,22.887704918032785,14.64726775956284,8.240437158469945,19.12704918032787,0.6740437158469946,74.18032786885246,983.9,2.6882513661202183,239,4,12.248087431693987,24.04672131147541,2,5,6.185589647844566,149,95,12.219426229508198,108,19,4,0,58.02332650273224,81.05466757741348,850.4561703096539,43.84722222222222,49.85714936247723,56.90619307832423,8.58879781420765,45.0,70.0,80.0,39.0,73.04580981178785,87.08248801753598,77.2568132735123,12.917511982464022,43.283848815996734,76.05352869688511,湿润宜居综合型
成都,2025,30.5728,104.0668,365,18.19780821917808,22.323835616438355,14.63808219178082,7.685753424657533,18.95342465753425,0.7556164383561644,74.97534246575343,1219.6,3.3413698630136985,243,14,10.487945205479452,24.633972602739725,0,9,5.958336773211569,139,106,11.989232876712329,85,21,3,0,68.20092465753424,77.11670091324201,1185.1501141552512,47.45473744292238,87.74706621004567,57.49691780821918,16.799543378995434,22.0,117.0,126.0,41.0,71.98759979790378,84.9580882700973,75.87874633956184,15.041911729902692,43.32262294168539,75.10433584177201,湿润宜居综合型
昆明,2016,25.0389,102.7183,366,15.925409836065572,20.35737704918033,12.180601092896175,8.176775956284153,15.078142076502733,-0.8472677595628414,75.59836065573771,1398.4,3.820765027322405,237,6,17.710928961748632,38.71666666666666,23,78,8.875916643897996,264,44,16.105983606557377,1,0,4,2,,,,,,,,0.0,0.0,0.0,0.0,73.93263696455548,,,,65.7889189253092,74.54567059401526,高原避暑型
昆明,2017,25.0389,102.7183,365,14.444657534246575,19.427123287671236,10.283287671232875,9.143835616438356,13.385753424657535,-1.058904109589041,76.97534246575343,1587.1,4.348219178082192,272,9,16.20054794520548,39.06027397260274,2,59,8.217698805175038,233,51,15.68054794520548,0,0,5,0,,,,,,,,0.0,0.0,0.0,0.0,71.39442462988839,,,,68.60694795904953,74.62415090017575,高原避暑型
昆明,2018,25.0389,102.7183,365,14.463561643835616,19.74219178082192,10.05150684931507,9.69068493150685,13.326575342465754,-1.1369863013698631,75.48219178082192,1751.4,4.798356164383562,253,10,16.737534246575343,40.07561643835616,2,63,8.804581902587518,254,36,16.669068493150686,0,0,7,0,,,,,,,,0.0,0.0,0.0,0.0,71.60725741472889,,,,68.83395929578268,74.55097389766385,高原避暑型
昆明,2019,25.0389,102.7183,365,15.604657534246575,21.267945205479453,10.625753424657535,10.642191780821918,14.284931506849317,-1.3197260273972602,69.15616438356165,1133.4,3.105205479452055,232,4,17.694520547945206,42.43287671232877,10,97,9.729395898021307,296,16,18.07580821917808,11,0,9,0,,,,,,,,0.0,0.0,0.0,0.0,73.64259950551516,,,,68.04431213950309,76.82141437668068,高原避暑型
昆明,2020,25.0389,102.7183,366,15.3275956284153,20.756010928961743,10.751639344262294,10.004371584699454,14.049453551912569,-1.2781420765027325,71.88524590163935,1766.9,4.827595628415301,248,16,17.85464480874317,42.76010928961749,8,96,9.048350766545234,272,33,17.193743169398907,4,0,5,0,,,,,,,,0.0,0.0,0.0,0.0,72.90914902820973,,,,67.73359879772764,76.36378704348407,高原避暑型
昆明,2021,25.0389,102.7183,365,15.34849315068493,20.79835616438356,10.66109589041096,10.137260273972602,14.127123287671232,-1.2213698630136989,72.04657534246576,1495.8,4.098082191780822,258,11,17.292328767123287,40.75369863013699,5,85,9.123918417047184,274,37,17.429068493150684,11,0,10,0,,,,,,,,0.0,0.0,0.0,0.0,72.63122543571846,,,,68.3733783515795,75.07961506127998,高原避暑型
昆明,2022,25.0389,102.7183,365,14.715342465753425,20.284657534246573,10.08,10.204657534246577,13.57972602739726,-1.1356164383561644,74.22739726027397,1631.9,4.470958904109589,269,9,16.754794520547946,37.95287671232877,3,53,8.935636171993911,261,31,17.63978082191781,0,0,8,0,,,,,,,,0.0,0.0,0.0,0.0,72.1607167317499,,,,68.91232816599147,74.18691953669345,高原避暑型
昆明,2023,25.0389,102.7183,365,16.138630136986304,22.16328767123288,10.853972602739724,11.30931506849315,14.73890410958904,-1.3997260273972605,67.0,1058.1,2.898904109589041,228,3,18.538630136986303,41.24493150684931,7,87,9.534223089802133,277,23,18.742164383561644,20,0,5,0,19.41965753424657,27.96763698630137,381.53025114155247,25.257922374429224,19.05538812785388,72.21404109589041,0.5116438356164383,343.0,0.0,1.0,61.0,74.79931391514516,92.6637234467766,80.15863677463459,7.336276553223406,68.26583115868466,80.97497262465048,高原避暑型
昆明,2024,25.0389,102.7183,366,16.017486338797813,21.668852459016392,11.178688524590164,10.49016393442623,14.79808743169399,-1.2193989071038251,69.84699453551913,1369.8,3.742622950819672,259,8,18.67704918032787,41.746721311475405,33,98,9.609236080752884,293,14,18.466065573770493,0,0,3,0,18.077982695810565,25.211168032786887,391.76764571949,20.57734517304189,14.263524590163934,70.60268670309654,1.7214253187613842,359.0,0.0,8.0,34.0,74.18161480923226,93.21226403296887,79.89080957635323,6.787735967031117,67.81233764898062,81.43142758427837,高原避暑型
昆明,2025,25.0389,102.7183,365,15.310958904109588,20.676986301369865,10.894520547945206,9.782465753424658,14.561369863013695,-0.7495890410958904,73.06849315068493,1822.9,4.994246575342466,280,11,14.027397260273972,38.02301369863014,0,62,8.532631841704719,250,44,16.995863013698628,1,0,4,0,22.64740867579909,23.946940639269407,529.0731735159818,24.23841324200913,10.4489497716895,71.71004566210046,2.775,317.0,0.0,27.0,66.0,73.82646386988044,92.47635564518592,79.42143140247208,7.523644354814071,68.21636226785307,81.01515643316169,高原避暑型
杭州,2016,30.2741,120.1551,366,17.510382513661202,21.671584699453557,13.80655737704918,7.865027322404371,18.18688524590164,0.6765027322404371,78.55191256830601,1637.2,4.473224043715847,209,15,13.82377049180328,29.351639344262296,1,9,6.791299104432301,185,112,12.73445355191257,76,21,26,3,,,,,,,,0.0,0.0,0.0,0.0,69.07459330662435,,,,40.329619246719325,69.89428682911175,湿润宜居综合型
杭州,2017,30.2741,120.1551,365,17.44986301369863,21.668767123287672,13.690136986301368,7.978630136986301,17.97205479452055,0.5221917808219179,76.03835616438356,1575.2,4.315616438356164,206,13,14.743561643835616,29.956712328767125,1,11,7.306292602739727,206,93,13.686000000000002,75,25,25,1,,,,,,,,0.0,0.0,0.0,0.0,69.21555175547074,,,,40.79530991079084,70.53037667386259,湿润宜居综合型
杭州,2018,30.2741,120.1551,365,17.244931506849316,21.48246575342466,13.429589041095891,8.052876712328768,17.952876712328766,0.7079452054794522,78.73698630136987,1482.4,4.061369863013699,219,9,14.535342465753423,29.30602739726028,2,8,6.965353888888888,199,103,13.343150684931508,84,7,37,8,,,,,,,,0.0,0.0,0.0,0.0,68.60187743024758,,,,40.844226471556105,64.62488924839205,湿润宜居综合型
杭州,2019,30.2741,120.1551,365,17.275616438356167,21.509315068493148,13.457260273972604,8.052054794520547,17.74958904109589,0.473972602739726,77.76986301369863,1436.8,3.936438356164384,199,12,14.55041095890411,29.17945205479452,6,17,7.152607526636226,202,100,13.546876712328766,62,11,12,0,,,,,,,,0.0,0.0,0.0,0.0,69.95833983471601,,,,44.019929742741205,69.14766239681923,湿润宜居综合型
杭州,2020,30.2741,120.1551,366,17.710928961748632,21.865027322404373,14.023770491803278,7.841256830601093,18.224863387978143,0.5139344262295081,76.73224043715847,1919.6,5.244808743169399,214,19,14.720218579234974,30.554098360655736,4,15,6.6087044626593805,168,97,12.928360655737704,75,18,16,2,,,,,,,,0.0,0.0,0.0,0.0,70.01325720390771,,,,39.9686222611044,69.77390377934859,湿润宜居综合型
杭州,2021,30.2741,120.1551,365,17.944109589041098,22.37123287671233,14.1427397260274,8.228493150684931,18.7413698630137,0.7972602739726026,77.16438356164383,1944.8,5.328219178082192,203,22,14.906301369863014,30.112328767123287,4,15,7.277964018264839,199,78,13.80808219178082,89,5,24,5,,,,,,,,0.0,0.0,0.0,0.0,69.58937767356973,,,,40.65843080815755,71.46732260289755,湿润宜居综合型
杭州,2022,30.2741,120.1551,365,17.65890410958904,21.995342465753424,13.783013698630135,8.212328767123287,18.18986301369863,0.530958904109589,76.16986301369863,1424.4,3.9024657534246576,218,9,15.147123287671231,29.197260273972603,3,11,6.903029733637747,192,108,13.684,85,44,26,1,,,,,,,,0.0,0.0,0.0,0.0,68.50382943153903,,,,37.25462808279328,66.43134456814212,湿润宜居综合型
杭州,2023,30.2741,120.1551,365,17.633972602739725,22.39068493150685,13.49123287671233,8.899452054794521,18.28410958904109,0.6501369863013698,75.84657534246575,1439.1,3.942739726027397,199,15,14.635342465753425,28.27123287671233,0,7,7.327040920852359,204,77,14.030219178082191,96,11,28,5,49.85482876712329,73.67860730593607,914.5568493150683,50.188378995433794,42.28803652968036,40.85285388127853,1.78013698630137,109.0,46.0,14.0,16.0,70.07640371629931,88.51177433237254,75.60701490112127,11.488225667627464,38.97020207398664,73.96604467840065,湿润宜居综合型
杭州,2024,30.2741,120.1551,366,18.151639344262296,22.817759562841527,14.084699453551911,8.733060109289617,18.88907103825137,0.7374316939890712,75.90983606557377,1638.8,4.4775956284153,215,14,15.15655737704918,29.557650273224045,3,9,7.215607946265938,211,93,13.965081967213116,92,49,29,1,48.07999772313297,67.38574681238616,776.8164845173042,42.77996357012751,33.7929189435337,47.70799180327869,2.1580145719489985,132.0,51.0,15.0,32.0,68.9679219778254,89.07486818828907,75.00000584096449,10.925131811710926,38.47851890447661,74.11138503889076,湿润宜居综合型
杭州,2025,30.2741,120.1551,365,19.23780821917808,24.35123287671233,14.850410958904108,9.50082191780822,20.032602739726027,0.7947945205479451,68.66301369863014,1467.9,4.021643835616438,199,11,13.559178082191782,32.55178082191781,1,20,7.947099315068493,228,71,15.045150684931505,140,52,19,1,60.22577625570776,64.68973744292238,824.2400684931507,48.06027397260274,46.17851598173516,53.18401826484018,6.492922374429224,89.0,97.0,74.0,34.0,69.78279314732706,87.13123511617107,74.98732573798026,12.868764883828934,38.26094430548474,76.21311060431314,湿润宜居综合型
桂林,2016,25.2736,110.29,366,19.78360655737705,23.52322404371585,16.580601092896174,6.942622950819672,21.203005464480874,1.419398907103825,77.5846994535519,2345.1,6.407377049180328,230,25,12.473497267759564,32.35300546448087,0,19,6.857488942015785,191,105,12.491311475409836,94,1,1,0,,,,,,,,0.0,0.0,0.0,0.0,72.84922840543739,,,,40.88344413853155,76.39557748214057,滨海暖冬度假型
桂林,2017,25.2736,110.29,365,19.27123287671233,22.96164383561644,16.27068493150685,6.690958904109588,20.12904109589041,0.8578082191780821,76.54520547945205,2671.8,7.32,252,27,16.044109589041096,33.3358904109589,2,19,6.823115821917807,187,100,12.871397260273971,77,0,0,0,,,,,,,,0.0,0.0,0.0,0.0,71.57310014673585,,,,42.73871177662254,76.09582528707186,滨海暖冬度假型
桂林,2018,25.2736,110.29,365,18.96027397260274,22.66164383561644,15.856164383561644,6.8054794520547945,19.84164383561644,0.8813698630136988,77.57260273972602,2164.7,5.930684931506849,270,13,16.056986301369864,33.35753424657534,3,23,6.858750783866058,191,108,13.217178082191785,89,0,9,0,,,,,,,,0.0,0.0,0.0,0.0,70.9897933334787,,,,41.04392733399677,70.46333638561848,滨海暖冬度假型
桂林,2019,25.2736,110.29,365,19.32630136986301,23.50657534246575,15.905479452054797,7.601095890410959,20.21890410958904,0.8926027397260273,76.61369863013698,3081.9,8.443561643835617,271,28,15.957808219178084,32.99479452054795,4,14,6.888781841704718,185,100,13.629287671232875,102,0,2,0,,,,,,,,0.0,0.0,0.0,0.0,70.63005667695948,,,,39.92773656530412,71.72409154283498,滨海暖冬度假型
桂林,2020,25.2736,110.29,366,19.215300546448088,22.95928961748634,16.191803278688525,6.767486338797815,20.115573770491803,0.9002732240437158,78.31967213114754,3149.3,8.60464480874317,266,43,16.581420765027325,35.00628415300546,0,22,7.070792418032787,191,95,13.566967213114754,84,0,0,0,,,,,,,,0.0,0.0,0.0,0.0,71.20219480537705,,,,39.58186596827379,74.73294174491593,滨海暖冬度假型
桂林,2021,25.2736,110.29,365,20.06410958904109,24.121917808219177,16.59972602739726,7.522191780821918,21.203287671232875,1.139178082191781,74.96986301369863,2543.6,6.968767123287671,264,29,15.36191780821918,32.03369863013698,1,18,7.3131750152207005,203,89,13.968986301369863,119,10,4,0,,,,,,,,0.0,0.0,0.0,0.0,71.38031488292414,,,,39.04030680487493,77.88949907368472,滨海暖冬度假型
桂林,2022,25.2736,110.29,365,19.55369863013699,23.78767123287671,16.053972602739726,7.733698630136986,20.06876712328767,0.5150684931506848,72.74246575342465,3049.4,8.354520547945206,229,39,16.331232876712328,31.67095890410959,3,7,6.896951270928462,187,106,14.138301369863012,111,11,0,0,,,,,,,,0.0,0.0,0.0,0.0,71.1144313351745,,,,39.74742923958864,71.77067744383874,滨海暖冬度假型
桂林,2023,25.2736,110.29,365,19.9986301369863,24.275616438356167,16.443835616438356,7.831780821917808,21.11808219178082,1.1194520547945204,75.73698630136987,2886.9,7.909315068493151,251,33,16.41178082191781,31.549863013698637,2,12,7.502488820395738,206,77,14.821205479452054,111,4,3,0,23.437134703196342,34.034349315068496,410.5812785388128,10.672545662100456,10.588401826484018,68.5412100456621,0.4004566210045662,308.0,0.0,1.0,8.0,72.55242547891332,93.2292876164002,78.75548412015938,6.770712383599816,39.54111724272321,79.5961100586538,滨海暖冬度假型
桂林,2024,25.2736,110.29,366,20.099726775956285,24.25765027322404,16.780601092896173,7.477049180327868,21.074590163934428,0.974863387978142,74.92896174863388,3572.0,9.759562841530055,252,46,16.91311475409836,33.90300546448088,0,12,7.226488577717061,190,89,14.295,102,6,6,0,20.070446265938067,27.58144353369763,376.6778233151184,8.24504781420765,8.752083333333333,69.00409836065573,0.5556693989071039,333.0,0.0,3.0,7.0,72.33173403128274,93.79941758003622,78.77203909590878,6.200582419963769,40.23904173418861,77.88070788499688,滨海暖冬度假型
桂林,2025,25.2736,110.29,365,20.636438356164383,25.617534246575342,16.719452054794523,8.898082191780823,21.805479452054797,1.1690410958904112,70.78356164383561,2506.9,6.868219178082192,241,34,13.864383561643836,33.95369863013699,1,29,7.534517602739726,210,75,14.883972602739725,138,28,0,0,24.60980593607306,26.701050228310503,417.0309360730593,11.535753424657536,8.988173515981735,72.39246575342466,3.654337899543379,289.0,4.0,29.0,15.0,72.88921918832648,92.98916457518642,78.91920280438445,7.010835424813585,38.30141630632088,81.07352847075758,滨海暖冬度假型
海口,2016,20.044,110.1999,366,24.862021857923494,27.202459016393444,23.108469945355196,4.093989071038251,27.599726775956285,2.737704918032787,82.13387978142076,1703.1,4.65327868852459,234,11,22.206557377049183,34.959016393442624,42,29,8.640830069823922,248,57,16.261311475409837,130,0,0,0,,,,,,,,0.0,0.0,0.0,0.0,72.00620498432322,,,,35.92418247038131,80.09944876100526,滨海暖冬度假型
海口,2017,20.044,110.1999,365,24.66191780821918,27.188767123287672,22.62657534246576,4.562191780821918,27.435342465753426,2.7734246575342465,82.59178082191781,1377.4,3.7736986301369866,267,7,21.6427397260274,40.50520547945205,31,55,8.73150891933029,260,51,16.216712328767123,123,3,0,0,,,,,,,,0.0,0.0,0.0,0.0,73.22671409533261,,,,37.562229109251085,81.22443439186107,滨海暖冬度假型
海口,2018,20.044,110.1999,365,24.50164383561644,27.21260273972603,22.281917808219177,4.93068493150685,27.31424657534247,2.812602739726027,82.8,1777.0,4.868493150684931,280,16,21.04027397260274,38.90054794520548,25,42,8.814948302891933,265,55,16.148767123287673,111,2,0,0,,,,,,,,0.0,0.0,0.0,0.0,73.12423337712428,,,,38.80327716790924,80.36736975113358,滨海暖冬度假型
海口,2019,20.044,110.1999,365,25.721917808219175,28.69698630136986,23.299178082191784,5.397808219178082,28.94849315068493,3.226575342465753,81.24383561643836,1329.6,3.642739726027397,257,7,20.99095890410959,39.37013698630137,17,35,9.787937541856929,302,19,17.624767123287672,152,12,0,0,,,,,,,,0.0,0.0,0.0,0.0,73.05033841450702,,,,35.13394767041941,83.92209911433004,滨海暖冬度假型
海口,2020,20.044,110.1999,366,25.47322404371585,28.469945355191257,23.116120218579237,5.353825136612022,28.07650273224044,2.60327868852459,79.07650273224044,1027.3,2.806830601092896,250,6,22.6068306010929,41.98497267759563,39,61,9.221647328476015,277,32,17.016502732240436,159,41,0,0,,,,,,,,0.0,0.0,0.0,0.0,73.78593905972868,,,,35.89498163294933,82.84888614188392,滨海暖冬度假型
海口,2021,20.044,110.1999,365,25.15013698630137,28.176438356164383,22.60054794520548,5.5758904109589045,27.72876712328767,2.5786301369863014,78.87397260273973,1213.1,3.323561643835616,257,8,21.99205479452055,41.0545205479452,28,50,9.532063394216134,291,30,17.352849315068493,163,37,0,0,,,,,,,,0.0,0.0,0.0,0.0,73.09239199335715,,,,35.63258725982834,81.78542853805558,滨海暖冬度假型
海口,2022,20.044,110.1999,365,24.35013698630137,26.91890410958904,22.20438356164384,4.714520547945205,27.084383561643836,2.734246575342466,83.38630136986302,2064.3,5.655616438356165,281,13,21.46219178082192,38.48,23,31,8.556196270928462,244,53,16.62583561643836,123,0,0,0,,,,,,,,0.0,0.0,0.0,0.0,73.2661273320101,,,,36.46395090477034,79.81575829879876,滨海暖冬度假型
海口,2023,20.044,110.1999,365,25.037534246575344,27.82246575342466,22.75835616438356,5.064109589041096,28.084383561643836,3.046849315068493,82.56986301369864,1761.4,4.825753424657535,284,12,21.51232876712329,38.65205479452055,32,42,8.784997343987822,253,49,17.012657534246575,145,8,0,0,23.177808219178083,36.84270547945206,308.4595890410959,11.747796803652967,8.01269406392694,79.7486301369863,0.1691780821917808,312.0,2.0,0.0,56.0,72.36913914884262,92.7585262964745,78.48595529313216,7.24147370352551,35.586174211464325,83.69130757009142,滨海暖冬度假型
海口,2024,20.044,110.1999,366,25.475409836065573,28.408196721311477,23.14945355191257,5.258743169398907,28.42103825136612,2.945628415300546,80.62021857923497,1890.8,5.166120218579235,272,17,22.256284153005463,40.804098360655736,30,54,8.899346349423194,267,43,17.107868852459013,157,11,0,0,18.748167122040076,28.208048724954462,293.15983606557376,8.764845173041895,6.5146061020036425,83.71243169398907,0.2007058287795992,351.0,0.0,0.0,76.0,72.85827804287142,93.2926638563274,78.98859378690821,6.7073361436726096,35.19053069291283,85.52655872546556,滨海暖冬度假型
海口,2025,20.044,110.1999,365,24.578356164383564,27.54027397260274,22.17287671232877,5.367397260273973,27.15753424657534,2.5791780821917807,80.52054794520548,2021.0,5.536986301369863,265,18,21.42904109589041,41.10328767123288,30,70,8.719048774733638,253,49,16.776465753424656,147,3,0,0,19.167511415525112,21.31392694063927,325.8335616438356,8.584623287671233,7.977716894977169,87.16038812785388,1.056392694063927,344.0,0.0,6.0,101.0,73.84806464151275,93.12043972516838,79.62977716660943,6.879560274831631,37.22586076558389,84.99541969759473,滨海暖冬度假型
深圳,2016,22.5431,114.0579,366,22.91393442622951,25.872131147540987,20.58743169398907,5.284699453551912,25.61174863387978,2.697814207650273,83.16939890710383,2422.0,6.617486338797814,251,26,16.831420765027325,35.64098360655738,6,25,8.076705798421372,237,64,14.85415300546448,105,0,0,0,,,,,,,,0.0,0.0,0.0,0.0,71.71576837662884,,,,35.45475372453189,79.67723201392212,滨海暖冬度假型
深圳,2017,22.5431,114.0579,365,22.52958904109589,26.055068493150685,19.872602739726027,6.182465753424657,24.629589041095887,2.1,78.54794520547945,1603.2,4.392328767123288,244,11,16.625753424657532,34.13013698630137,5,10,8.588035745814308,246,55,15.518219178082193,96,1,0,0,,,,,,,,0.0,0.0,0.0,0.0,74.87553501493588,,,,39.59722943772988,83.17044344627477,滨海暖冬度假型
深圳,2018,22.5431,114.0579,365,22.30383561643836,25.84219178082192,19.572054794520547,6.270136986301369,24.40410958904109,2.10027397260274,79.33424657534246,1972.3,5.403561643835617,250,15,16.24849315068493,33.21534246575342,2,9,8.404104703196348,251,55,15.173315068493151,80,0,0,0,,,,,,,,0.0,0.0,0.0,0.0,74.87853691760488,,,,41.02947171746104,80.91900820251111,滨海暖冬度假型
深圳,2019,22.5431,114.0579,365,23.16054794520548,26.85835616438356,20.275342465753425,6.583013698630137,25.6,2.4394520547945207,79.98904109589041,1890.9,5.18054794520548,257,15,16.23232876712329,33.46602739726028,2,11,8.634824147640792,254,41,15.508438356164383,96,0,0,0,,,,,,,,0.0,0.0,0.0,0.0,75.72289552062236,,,,38.500512300793055,82.98956666224042,滨海暖冬度假型
深圳,2020,22.5431,114.0579,366,22.84863387978142,26.576775956284155,20.0344262295082,6.5423497267759565,25.01584699453552,2.167213114754098,78.76775956284153,1763.7,4.8188524590163935,238,17,16.696994535519128,33.977322404371584,3,9,8.965565513054038,268,38,15.865300546448086,93,1,0,0,,,,,,,,0.0,0.0,0.0,0.0,75.61476624852006,,,,38.40150334620755,83.64970415676007,滨海暖冬度假型
深圳,2021,22.5431,114.0579,365,23.0,26.74438356164384,20.07945205479452,6.664931506849315,25.30630136986301,2.306301369863014,77.3917808219178,1660.2,4.548493150684932,236,16,16.089041095890412,32.95013698630137,2,7,9.006497237442924,272,38,16.08158904109589,116,0,0,0,,,,,,,,0.0,0.0,0.0,0.0,74.54311740251569,,,,39.12034182227318,83.19088763157369,滨海暖冬度假型
深圳,2022,22.5431,114.0579,365,22.216164383561644,25.938356164383563,19.366301369863013,6.5720547945205485,24.175342465753424,1.9591780821917808,79.35342465753425,2005.7,5.4950684931506855,238,23,16.611506849315067,32.46630136986302,4,12,8.070160220700153,228,69,15.834794520547945,100,3,0,0,,,,,,,,0.0,0.0,0.0,0.0,74.18990658887842,,,,40.20036384715858,79.19243779682358,滨海暖冬度假型
深圳,2023,22.5431,114.0579,365,22.85753424657534,26.73972602739726,19.871506849315068,6.868219178082192,25.161369863013697,2.303835616438356,78.91506849315068,1857.5,5.089041095890411,252,18,16.344657534246576,31.607123287671232,6,10,8.531118675799087,250,47,15.925561643835616,115,3,0,0,31.13519406392694,47.67560502283105,573.2442922374429,64.55122146118723,102.8418607305936,38.20148401826484,0.2573059360730593,258.0,13.0,0.0,3.0,75.32652048064745,89.3648831648868,79.53802928591925,10.635116835113186,37.74802410655759,84.28506379686958,滨海暖冬度假型
深圳,2024,22.5431,114.0579,366,23.00737704918033,26.84863387978142,20.090983606557376,6.757650273224044,25.262295081967213,2.254918032786885,78.66120218579235,2432.2,6.64535519125683,246,34,16.837158469945354,33.09180327868852,2,6,8.215586118700667,243,57,15.542158469945356,108,1,0,0,27.060086520947177,38.993613387978144,422.37682149362473,53.61341074681239,47.10242486338797,38.752163023679415,0.4007285974499089,281.0,3.0,1.0,1.0,74.76411511787157,91.47738741622194,79.77809680737667,8.522612583778065,38.36927912518886,85.17965538990806,滨海暖冬度假型
深圳,2025,22.5431,114.0579,365,22.838630136986303,27.019178082191782,19.679726027397265,7.339452054794521,24.99095890410959,2.152328767123288,75.75616438356164,1871.4,5.127123287671233,250,15,14.385753424657535,35.14,3,26,8.32826111872146,242,51,15.991945205479452,123,4,0,0,35.27284246575342,37.30707762557078,499.76609589041095,54.66833333333333,40.04876712328767,42.97511415525114,1.453082191780822,213.0,15.0,12.0,2.0,75.43779456097431,90.48345310030614,79.95149212277384,9.516546899693868,38.70083809917136,85.12102910380776,滨海暖冬度假型
苏州,2016,31.2989,120.5853,366,17.202459016393444,20.75491803278689,14.103551912568305,6.651366120218579,17.089890710382512,-0.1125683060109289,77.6584699453552,1884.6,5.149180327868852,192,24,19.62431693989071,32.33005464480874,19,15,7.124656208257438,204,99,13.34983606557377,68,11,25,3,,,,,,,,0.0,0.0,0.0,0.0,68.40064697871574,,,,41.98918254977483,69.25894081292024,湿润宜居综合型
苏州,2017,31.2989,120.5853,365,16.985479452054793,21.13945205479452,13.291506849315068,7.847945205479452,16.912054794520547,-0.0734246575342466,73.9972602739726,955.1,2.6167123287671235,192,4,16.43945205479452,33.650958904109594,4,20,7.462670144596652,210,85,14.212191780821918,70,18,28,0,,,,,,,,0.0,0.0,0.0,0.0,69.12845414865347,,,,42.08204648371814,70.0635431225858,湿润宜居综合型
苏州,2018,31.2989,120.5853,365,16.866849315068492,21.056986301369864,13.13808219178082,7.918904109589041,16.953972602739725,0.0871232876712328,76.89041095890411,1280.4,3.5079452054794524,201,11,16.686575342465755,33.67643835616438,6,22,7.389853432267884,210,90,14.076849315068491,77,1,41,12,,,,,,,,0.0,0.0,0.0,0.0,68.78981034271487,,,,42.81153943652849,64.02474998418315,湿润宜居综合型
苏州,2019,31.2989,120.5853,365,16.724383561643833,20.995342465753424,12.892876712328766,8.102465753424658,16.66,-0.0643835616438355,76.64383561643835,1380.8,3.783013698630137,184,13,16.107123287671232,32.55835616438356,5,20,7.457057534246576,206,79,14.005890410958903,48,2,20,0,,,,,,,,0.0,0.0,0.0,0.0,70.12299010239077,,,,46.90848382595762,68.41093373653074,湿润宜居综合型
苏州,2020,31.2989,120.5853,366,16.99590163934426,21.096448087431696,13.285245901639342,7.81120218579235,17.039890710382515,0.0439890710382514,76.68032786885246,1641.4,4.4846994535519125,202,14,16.200819672131146,33.51338797814208,5,17,7.1735608227079535,203,91,13.828879781420763,58,6,17,2,,,,,,,,0.0,0.0,0.0,0.0,69.57768846045889,,,,43.25638566165656,69.56372755568037,湿润宜居综合型
苏州,2021,31.2989,120.5853,365,17.262739726027398,21.64383561643836,13.5186301369863,8.125205479452054,17.430410958904112,0.1676712328767124,76.11506849315069,1555.3,4.261095890410958,188,12,16.74027397260274,34.08301369863013,12,26,7.666837716894976,222,73,14.426876712328768,77,1,27,5,,,,,,,,0.0,0.0,0.0,0.0,69.27066104565897,,,,43.005920063348064,70.21335636392607,湿润宜居综合型
苏州,2022,31.2989,120.5853,365,17.195342465753424,21.59315068493151,13.253150684931503,8.34,17.1813698630137,-0.013972602739726,74.16986301369863,1150.8,3.152876712328767,185,10,16.423287671232877,32.30986301369863,3,13,7.40019601978691,210,86,14.502219178082193,81,37,35,0,,,,,,,,0.0,0.0,0.0,0.0,68.8025439079216,,,,39.01292536789212,66.28351019822571,湿润宜居综合型
苏州,2023,31.2989,120.5853,365,17.176164383561645,21.71041095890411,13.251506849315067,8.45890410958904,17.290958904109587,0.1147945205479452,74.4931506849315,1289.0,3.5315068493150683,191,12,16.329863013698628,32.0958904109589,7,15,7.428522815829528,213,79,14.380684931506847,87,2,34,5,45.7813698630137,69.11155251141552,940.4624429223744,58.99635844748858,54.782123287671226,39.10650684931507,2.814611872146118,151.0,40.0,32.0,23.0,69.79687304607349,88.36779891107808,75.36815080557486,11.632201088921914,40.75992322814627,72.83528610740561,湿润宜居综合型
苏州,2024,31.2989,120.5853,366,17.44207650273224,21.683879781420764,13.78169398907104,7.9021857923497265,17.716939890710382,0.2748633879781421,76.21857923497268,1469.3,4.01448087431694,187,12,16.588251366120218,33.12021857923497,5,16,7.317139321493624,203,82,14.280956284153005,82,29,34,1,42.91129326047359,62.07292805100182,933.725865209472,51.998759107468125,39.19546903460838,43.71493624772313,3.010132058287796,159.0,36.0,31.0,31.0,68.4809270645208,89.1308660564104,74.67590876208767,10.869133943589604,40.147141919430375,73.12255202644063,湿润宜居综合型
苏州,2025,31.2989,120.5853,365,18.53808219178082,23.085753424657533,14.684109589041096,8.401643835616438,18.99890410958904,0.4608219178082192,69.86849315068493,975.7,2.6731506849315068,175,8,14.472602739726028,34.97671232876712,3,29,8.35766696347032,255,58,15.504164383561646,119,33,17,1,46.78657534246575,51.78908675799087,688.8786529680366,47.9804908675799,46.08165525114155,57.97328767123288,7.007990867579908,144.0,41.0,80.0,65.0,69.66898971024249,88.49700755181867,75.31739506271533,11.502992448181333,39.12342433758918,76.93671019710737,湿润宜居综合型
西安,2016,34.3416,108.9398,366,15.26584699453552,20.654918032786885,10.306830601092896,10.348087431693989,14.495081967213114,-0.7707650273224043,59.25136612021858,632.9,1.7292349726775955,125,4,9.144535519125684,24.763934426229508,0,3,8.745649354887673,252,50,15.104726775956284,86,25,72,17,,,,,,,,0.0,0.0,0.0,0.0,71.2572232273061,,,,48.83276708021363,65.17924607456884,湿润宜居综合型
西安,2017,34.3416,108.9398,365,15.28164383561644,20.754794520547943,10.334246575342464,10.42054794520548,14.074520547945204,-1.2071232876712328,60.88219178082192,708.6,1.9413698630136984,133,6,14.136986301369864,29.449863013698632,3,8,8.368035639269406,244,63,14.833753424657534,87,42,80,4,,,,,,,,0.0,0.0,0.0,0.0,68.55135038394967,,,,48.86372471313156,63.59530848084125,湿润宜居综合型
西安,2018,34.3416,108.9398,365,15.38958904109589,20.976164383561645,10.415890410958903,10.56027397260274,14.048767123287671,-1.3408219178082192,57.136986301369866,478.0,1.3095890410958904,134,3,14.865479452054794,30.437534246575343,6,13,8.135877853881277,242,62,14.65717808219178,92,52,80,38,,,,,,,,0.0,0.0,0.0,0.0,69.17970583202795,,,,45.62868063936702,57.7910712948445,湿润宜居综合型
西安,2019,34.3416,108.9398,365,15.046849315068494,20.649315068493152,10.104383561643836,10.544931506849316,13.758082191780822,-1.2887671232876714,60.85753424657534,638.7,1.7498630136986302,131,2,14.234246575342466,29.21013698630137,0,9,7.659524695585997,226,61,13.946520547945209,88,25,78,11,,,,,,,,0.0,0.0,0.0,0.0,69.91578772749698,,,,49.88970603870608,62.1545719232519,湿润宜居综合型
西安,2020,34.3416,108.9398,366,14.857377049180329,20.134699453551917,10.129234972677596,10.005464480874316,13.67704918032787,-1.180327868852459,63.53005464480874,654.3,1.7877049180327869,145,3,13.91311475409836,28.90273224043716,0,10,7.595340900121434,218,68,14.00584699453552,74,12,74,8,,,,,,,,0.0,0.0,0.0,0.0,69.86442771426688,,,,51.48619549700378,61.96769402039931,湿润宜居综合型
西安,2021,34.3416,108.9398,365,15.1186301369863,20.605205479452053,10.286849315068492,10.31835616438356,13.99945205479452,-1.1191780821917807,62.41095890410959,975.8,2.6734246575342464,127,10,14.42,29.29041095890411,0,8,7.672154627092847,234,69,14.06890410958904,85,25,73,10,,,,,,,,0.0,0.0,0.0,0.0,69.21943880914347,,,,48.99133318111556,63.87228206318425,湿润宜居综合型
西安,2022,34.3416,108.9398,365,15.527397260273972,21.09123287671233,10.586575342465752,10.504657534246574,14.445205479452056,-1.082191780821918,62.78356164383562,738.6,2.0235616438356163,123,7,14.972602739726028,29.58739726027397,5,15,7.8365317123287666,228,64,14.362575342465751,93,50,86,11,,,,,,,,0.0,0.0,0.0,0.0,69.07717379509613,,,,45.93095566394683,59.576454907802855,湿润宜居综合型
西安,2023,34.3416,108.9398,365,14.869589041095889,20.474246575342463,10.047945205479452,10.426301369863014,13.858356164383562,-1.0112328767123289,63.24383561643835,723.1,1.981095890410959,123,2,14.168767123287672,27.92219178082192,3,6,7.67232695585997,232,69,13.989863013698631,87,20,71,19,51.46207762557078,76.66017123287672,899.0221461187214,54.41150684931507,42.05189497716895,46.73219178082192,9.16038812785388,66.0,41.0,96.0,34.0,69.43283903824192,87.82327761234629,74.94997061047323,12.17672238765372,49.59271982848373,67.00943552596893,湿润宜居综合型
西安,2024,34.3416,108.9398,366,16.272677595628416,21.810382513661203,11.469398907103823,10.340983606557378,15.44344262295082,-0.8292349726775956,61.89344262295082,549.1,1.500273224043716,125,3,14.866666666666664,29.720765027322404,8,12,7.780695013661202,238,65,14.223661202185792,121,37,80,8,52.61111111111112,76.24888433515483,831.0755919854281,41.814845173041896,32.31882969034608,57.00034153005465,15.120901639344265,95.0,65.0,120.0,35.0,70.34382734681228,88.06856782982715,75.66124949171673,11.931432170172847,45.42858923524813,67.58472506062604,湿润宜居综合型
西安,2025,34.3416,108.9398,365,16.477534246575342,21.913698630136988,11.672054794520548,10.241643835616438,15.453972602739723,-1.0235616438356163,59.52876712328767,657.7,1.8019178082191785,122,3,13.984657534246574,31.06739726027397,1,17,7.806712617960426,235,66,14.255753424657534,110,57,72,5,55.26585616438356,73.45851598173516,1039.3318493150684,42.63102739726028,39.50828767123288,61.46495433789954,33.94429223744292,68.0,71.0,203.0,71.0,68.45731123783476,87.23173591117654,74.0896386398373,12.76826408882345,43.82826288713851,69.27482852980407,湿润宜居综合型
重庆,2016,29.563,106.5516,366,18.89016393442623,22.45054644808743,15.601092896174864,6.8494535519125685,20.379781420765028,1.489617486338798,78.65573770491804,1342.5,3.668032786885246,211,6,9.210382513661202,21.17978142076503,0,0,6.251660488767456,159,122,11.794125683060107,86,17,2,0,,,,,,,,0.0,0.0,0.0,0.0,72.23560932026228,,,,39.43159005482924,74.78694829041383,湿润宜居综合型
重庆,2017,29.563,106.5516,365,18.657808219178083,22.00849315068493,15.581369863013698,6.427123287671233,19.86054794520548,1.202739726027397,78.32328767123288,1272.9,3.4873972602739727,244,9,10.283287671232875,22.22931506849315,0,0,5.654005532724506,144,147,11.30227397260274,71,25,0,0,,,,,,,,0.0,0.0,0.0,0.0,71.8971434118534,,,,42.24452791255301,73.86719835555324,湿润宜居综合型
重庆,2018,29.563,106.5516,365,18.474246575342463,22.106575342465757,15.28958904109589,6.816986301369862,19.63972602739726,1.1654794520547944,78.18356164383562,1112.8,3.048767123287671,253,5,10.69890410958904,23.485205479452052,0,2,5.757236423135465,150,141,11.695616438356163,83,25,1,0,,,,,,,,0.0,0.0,0.0,0.0,71.22152200900582,,,,40.13226244962992,72.63977801119644,湿润宜居综合型
重庆,2019,29.563,106.5516,365,18.36794520547945,21.90027397260274,15.287123287671234,6.613150684931507,19.615342465753425,1.247397260273973,79.67945205479452,1268.4,3.475068493150685,247,6,10.166301369863014,22.46575342465753,0,0,5.744600098934551,139,132,11.695890410958905,66,14,0,0,,,,,,,,0.0,0.0,0.0,0.0,72.36718418317956,,,,43.37296960353115,73.90762894575231,湿润宜居综合型
重庆,2020,29.563,106.5516,366,18.39863387978142,21.77021857923497,15.38934426229508,6.380874316939891,19.571584699453556,1.1729508196721314,79.5327868852459,1458.3,3.984426229508197,250,11,10.369398907103824,22.504918032786883,0,0,5.735310519125683,136,139,11.562622950819671,66,19,0,0,,,,,,,,0.0,0.0,0.0,0.0,71.8750157734814,,,,42.83119215031136,72.97201360434191,湿润宜居综合型
重庆,2021,29.563,106.5516,365,18.406575342465757,21.93013698630137,15.298082191780823,6.632054794520547,19.736986301369864,1.3304109589041095,80.33150684931506,1635.1,4.47972602739726,247,17,10.44,22.638630136986304,0,1,5.767331080669711,143,131,11.8946301369863,76,9,3,0,,,,,,,,0.0,0.0,0.0,0.0,71.50602067244796,,,,42.3449865276747,73.57382529194086,湿润宜居综合型
重庆,2022,29.563,106.5516,365,19.35945205479452,23.31753424657534,15.803835616438356,7.513698630136986,20.36986301369863,1.0104109589041097,74.75068493150685,1109.4,3.0394520547945207,206,8,11.090958904109588,22.52054794520548,0,1,6.007204604261797,149,129,12.41917808219178,86,43,1,0,,,,,,,,0.0,0.0,0.0,0.0,72.169417147073,,,,40.06027178799556,72.32012751729803,湿润宜居综合型
重庆,2023,29.563,106.5516,365,18.872602739726027,22.78,15.535890410958904,7.244109589041096,20.307397260273973,1.434794520547945,79.68219178082192,1747.2,4.786849315068493,235,17,10.856986301369863,21.675616438356165,0,0,6.053811917808219,148,108,12.35172602739726,80,10,4,0,56.42095890410959,81.19487442922374,985.375,54.51126712328767,47.18432648401826,47.984931506849314,1.5453196347031963,73.0,84.0,10.0,33.0,72.77641152326298,87.06373011320908,77.06260710024681,12.936269886790916,42.16059673482132,75.95852211834887,湿润宜居综合型
重庆,2024,29.563,106.5516,366,19.868852459016395,23.61174863387978,16.656830601092896,6.954918032786885,21.420491803278686,1.551639344262295,77.45628415300547,1470.8,4.018579234972678,232,14,10.872677595628415,22.348087431693987,0,1,6.004553506375228,153,121,12.357950819672132,101,56,0,0,51.9936247723133,69.56100865209471,733.3136384335155,43.99098360655737,35.455100182149366,52.65334699453552,2.5823087431693987,108.0,50.0,23.0,29.0,71.55169725077104,88.37713290267989,76.59932794634369,11.62286709732011,39.46067251331306,76.41482451173735,湿润宜居综合型
重庆,2025,29.563,106.5516,365,19.61945205479452,23.484109589041097,16.465205479452056,7.018904109589041,21.356986301369865,1.7375342465753425,79.0,1610.6,4.412602739726028,253,19,9.336164383561645,23.82246575342466,0,1,5.957819185692541,155,129,12.376712328767123,111,42,0,0,70.34750000000001,76.31622146118721,876.9762557077624,46.3260502283105,52.680970319634696,55.26175799086759,10.95730593607306,70.0,146.0,84.0,41.0,70.49667247974189,85.82117976642787,75.09402466574768,14.178820233572129,38.04735999529214,74.92945338832386,湿润宜居综合型
青岛,2016,36.0671,120.3826,366,13.854918032786884,15.960382513661202,11.722677595628417,4.237704918032787,12.452459016393444,-1.4024590163934425,73.76775956284153,490.7,1.3407103825136613,109,6,21.45027322404372,34.87185792349727,44,29,9.164571774438372,279,37,15.732459016393442,9,0,59,9,,,,,,,,0.0,0.0,0.0,0.0,66.17104016719846,,,,55.185708150629445,63.70484896649248,湿润宜居综合型
青岛,2017,36.0671,120.3826,365,14.075890410958904,17.104109589041094,10.963013698630135,6.141095890410959,12.71178082191781,-1.364109589041096,71.04657534246576,606.9,1.6627397260273973,112,6,22.83178082191781,39.97178082191781,59,67,9.187340570776255,279,34,16.117753424657533,13,0,70,5,,,,,,,,0.0,0.0,0.0,0.0,66.72233381466613,,,,53.07335703797999,63.19023152135367,湿润宜居综合型
青岛,2018,36.0671,120.3826,365,13.458082191780822,16.456164383561642,10.58109589041096,5.875068493150685,11.947123287671232,-1.510958904109589,72.6,633.8,1.7364383561643837,114,4,22.722739726027395,39.52602739726027,62,65,8.595692579908675,257,39,15.099013698630138,19,0,72,21,,,,,,,,0.0,0.0,0.0,0.0,66.04528047981934,,,,52.67227280912002,58.94415674508615,湿润宜居综合型
青岛,2019,36.0671,120.3826,365,13.988219178082192,17.27972602739726,10.707945205479453,6.571780821917808,12.45068493150685,-1.5375342465753423,71.12876712328767,410.7,1.1252054794520547,110,2,22.54219178082192,39.49452054794521,50,58,8.745362724505327,267,39,15.31427397260274,7,0,69,5,,,,,,,,0.0,0.0,0.0,0.0,67.83651774457068,,,,56.48662851095918,62.038665404238,湿润宜居综合型
青岛,2020,36.0671,120.3826,366,13.687704918032786,16.742622950819673,10.654918032786885,6.087704918032786,12.219398907103823,-1.4683060109289616,74.14754098360656,906.5,2.476775956284153,121,9,22.38688524590164,38.96338797814208,51,55,8.283673504857317,241,45,14.66945355191257,0,0,64,3,,,,,,,,0.0,0.0,0.0,0.0,67.28702580031593,,,,56.37290588445687,62.41778672548621,湿润宜居综合型
青岛,2021,36.0671,120.3826,365,13.927123287671233,16.92054794520548,10.94849315068493,5.972054794520549,12.518082191780822,-1.4090410958904112,75.06575342465753,907.6,2.4865753424657533,137,7,23.567123287671237,40.440821917808215,72,74,8.374292191780821,243,53,14.839260273972602,1,0,52,14,,,,,,,,0.0,0.0,0.0,0.0,66.45175387122364,,,,55.82273400657265,63.55413879744843,湿润宜居综合型
青岛,2022,36.0671,120.3826,365,13.606301369863017,16.69945205479452,10.587945205479452,6.111506849315068,12.18082191780822,-1.4254794520547944,73.73150684931507,959.4,2.6284931506849314,107,12,23.158082191780824,38.766027397260274,69,65,8.509894642313547,256,39,15.351561643835616,11,0,86,7,,,,,,,,0.0,0.0,0.0,0.0,66.71848084712687,,,,52.90312847888951,59.73366415953869,湿润宜居综合型
青岛,2023,36.0671,120.3826,365,14.333698630136986,17.732876712328768,11.012054794520548,6.720821917808219,12.842465753424657,-1.4912328767123286,70.53698630136986,787.4,2.157260273972603,106,10,23.20191780821918,40.802465753424656,67,71,8.764994299847793,268,37,15.529287671232876,30,0,69,14,39.31552511415525,61.193504566210045,443.06780821917806,32.785901826484015,28.59670091324201,68.86415525114155,4.374200913242009,186.0,30.0,50.0,68.0,67.85145854596465,89.87517594922205,74.45857376694187,10.124824050777956,52.604700289431904,68.00892917892921,湿润宜居综合型
青岛,2024,36.0671,120.3826,366,14.298360655737705,17.808196721311475,11.130327868852458,6.677868852459016,13.097814207650272,-1.2005464480874315,71.69125683060109,1115.2,3.0469945355191257,129,12,21.59016393442623,41.22622950819672,46,80,8.654678035822709,263,42,15.376748633879782,28,0,73,6,31.820924408014573,49.9547131147541,469.7043488160291,27.323622495446266,17.90688752276867,69.52800546448087,5.774704007285974,232.0,5.0,61.0,76.0,66.65622782042524,91.13865694242534,74.00095655702526,8.861343057574668,50.34977472297511,69.30817622846769,湿润宜居综合型
青岛,2025,36.0671,120.3826,365,15.056712328767125,18.304383561643835,12.047671232876713,6.256712328767123,14.049589041095892,-1.0071232876712328,67.52876712328766,923.7,2.5306849315068494,135,9,19.234794520547943,44.23424657534247,17,109,8.928347153729073,274,29,15.701863013698633,44,1,52,6,33.03328767123288,40.419794520547946,470.78961187214617,27.270216894977167,19.1298401826484,73.51906392694063,9.713356164383562,227.0,12.0,99.0,76.0,67.45750450762435,90.91764063883376,74.49554534698717,9.082359361166247,47.23770545504435,72.09799629513337,湿润宜居综合型
